id,restaurant_name,website_url,city,country,cuisine_type,price_range,rating,review_count,address,phone,latitude,longitude,menu_url_count,menu_urls,menu_types,best_extraction_confidence,total_items_extracted,last_crawled,data_source,has_menu_data,export_date
db_71,Momiji Sushi,https://www.momijisushi-denhaag.nl/,The Hague,Netherlands,Unknown,Unknown,,,,,,,21,https://www.momijisushi-denhaag.nl/; https://www.momijisushi-denhaag.nl/menu/; https://www.momijisushi-denhaag.nl/menu; https://www.momijisushi-denhaag.nl/menukaart/; https://www.momijisushi-denhaag.nl/menukaart; https://www.momijisushi-denhaag.nl/lunch/; https://www.momijisushi-denhaag.nl/lunch; https://www.momijisushi-denhaag.nl/dinner/; https://www.momijisushi-denhaag.nl/dinner; https://www.momijisushi-denhaag.nl/food/; https://www.momijisushi-denhaag.nl/eten/; https://www.momijisushi-denhaag.nl/dranken/; https://www.momijisushi-denhaag.nl/drinks/; https://www.momijisushi-denhaag.nl/kaart/; https://www.momijisushi-denhaag.nl/spijskaart/; https://www.momijisushi-denhaag.nl/carte/; https://www.momijisushi-denhaag.nl/#cat11; https://www.momijisushi-denhaag.nl/#cat14; https://www.momijisushi-denhaag.nl/#cat19; https://www.momijisushi-denhaag.nl/#cat21; https://www.momijisushi-denhaag.nl/#cat22,html; html; html; html; html; html; html; html; html; html; html; html; html; html; html; html; html; html; html; html; html,,7901,2025-07-29 20:02:53,database_with_menus,True,2025-08-06T20:04:50.275651
db_68,Pyramide,https://www.telefoonboek.nl/zoeken/restaurant-pyramide/den-haag/,The Hague,Netherlands,Unknown,Unknown,,,,,,,129,https://www.telefoonboek.nl/bedrijven/t2150175/stadskanaal/grillhouse-pyramide/; https://www.telefoonboek.nl/bedrijven/t4848408/buitenpost/pyramide-buitenpost/; https://www.telefoonboek.nl/zoeken/restaurant-pyramide/storechain=plaza-food-for-all/; https://www.telefoonboek.nl/zoeken/restaurant-pyramide/storechain=happy-food/; https://www.telefoonboek.nl/zoeken/restaurant-pyramide/maincategory=recreatie/; https://www.telefoonboek.nl/zoeken/restaurant-pyramide/maincategory=groothandel-in-dranken/; https://www.telefoonboek.nl/zoeken/ontbijtservice/; https://www.telefoonboek.nl/zoeken/dranken/; https://www.telefoonboek.nl/zoeken/ontbijtservice/rotterdam/; https://www.telefoonboek.nl/zoeken/dranken/rotterdam/; https://www.telefoonboek.nl/bedrijven/t8680558/den-haag/oztoprak-food/; https://www.telefoonboek.nl/zoeken/ontbijtservice/den-haag/; https://www.telefoonboek.nl/zoeken/dranken/den-haag/; https://www.telefoonboek.nl/zoeken/ontbijtservice/rijswijk-zuid-holland/; https://www.telefoonboek.nl/zoeken/dranken/rijswijk-zuid-holland/; https://www.telefoonboek.nl/bedrijven/t4270198/den-haag/delhi-darbar-tandoori-restaurant/; https://www.telefoonboek.nl/bedrijven/t3558912/den-haag/restaurant-carmil/; https://www.telefoonboek.nl/bedrijven/t4135760/den-haag/thais-restaurant-thong-kham/; https://www.telefoonboek.nl/bedrijven/t3783373/den-haag/chinees-indisch-surinaams-restaurant-kang-man/; https://www.telefoonboek.nl/bedrijven/t3802512/den-haag/chinees-specialiteiten-restaurant-ruby/; https://www.telefoonboek.nl/bedrijven/t4248078/den-haag/restaurant-lees-garden/; https://www.telefoonboek.nl/bedrijven/t2671871/den-haag/grillrestaurant-harput/; https://www.telefoonboek.nl/bedrijven/t2675357/den-haag/midnight-roti-company/; https://www.telefoonboek.nl/bedrijven/t4948983/den-haag/leon-gyros/; https://www.telefoonboek.nl/bedrijven/t4277374/den-haag/baladi-manouche/; https://www.telefoonboek.nl/bedrijven/t4345746/den-haag/javaans-eethuisjekooklokaal-tante-pop/; https://www.telefoonboek.nl/bedrijven/t5036197/voorburg/five-flavors/; https://www.telefoonboek.nl/zoeken/restaurant-pyramide/den-haag/storechain=plaza-food-for-all/; https://www.telefoonboek.nl/zoeken/restaurant-pyramide/den-haag/maincategory=groothandel-in-dranken/; https://www.telefoonboek.nl/bedrijven/t2672233/rijswijk-zuid-holland/restaurant-la-fontaine/; https://www.telefoonboek.nl/bedrijven/t4414852/rijswijk-zuid-holland/restaurant-made-in-italy/; https://www.telefoonboek.nl/bedrijven/t4819277/rijswijk-zuid-holland/istanbul-restaurant/; https://www.telefoonboek.nl/bedrijven/t2672264/rijswijk-zuid-holland/restaurant-indonesisch-tjendrawasih/; https://www.telefoonboek.nl/bedrijven/t4169604/rijswijk-zuid-holland/royal-pizza/; https://www.telefoonboek.nl/bedrijven/t7786768/rijswijk-zuid-holland/toros-argentinos/; https://www.telefoonboek.nl/bedrijven/t4379165/rijswijk-zuid-holland/grannys-food/; https://www.telefoonboek.nl/bedrijven/t2711678/rijswijk-zuid-holland/brasserie-peverelli-b.v./; https://www.telefoonboek.nl/zoeken/restaurant-pyramide/den-haag/maincategory=recreatie/; https://www.telefoonboek.nl/bedrijven/t2002931/rotterdam/fresh-food-beiroet/; https://www.telefoonboek.nl/bedrijven/t3830588/rotterdam/rafoods/; https://www.telefoonboek.nl/bedrijven/t3527172/amsterdam/the-fish-club-kijkduin-b.v./; https://www.telefoonboek.nl/bedrijven/t3548291/amsterdam/royal-fook-long/; https://www.telefoonboek.nl/bedrijven/t4604109/amsterdam/sizz/; https://www.telefoonboek.nl/bedrijven/t4601097/den-haag/foodnext-bv/; https://www.telefoonboek.nl/bedrijven/t4081769/den-haag/covered-by-linda/; https://www.telefoonboek.nl/bedrijven/t2715862/rijswijk-zuid-holland/leijgraaff-&-leijgraaff-org.-serv.&catering/; https://www.telefoonboek.nl/bedrijven/t3754167/den-haag/ijssalon-en-lunchroom-gamba/; https://www.telefoonboek.nl/bedrijven/t4263379/den-haag/party-centrum-ons-huis/; https://www.telefoonboek.nl/bedrijven/t2685127/den-haag/horeca-exploitatie-maatschappij-berlage-b.v./; https://www.telefoonboek.nl/bedrijven/t2691392/delft/de-brasserij-partycentrum/; https://www.telefoonboek.nl/bedrijven/t4046171/delft/cafe-einstein/; https://www.telefoonboek.nl/bedrijven/t2702696/monster/horecabedrijf-de-noviteit-b.v./; https://www.telefoonboek.nl/bedrijven/t3493490/den-haag/cafe-locus/; https://www.telefoonboek.nl/bedrijven/t3828376/den-haag/cafe-duijnstee/; https://www.telefoonboek.nl/bedrijven/t2708654/den-haag/cafe-restaurant-ovunc/; https://www.telefoonboek.nl/zoeken/cafe/den-haag/maincategory=groothandel-in-dranken/; https://www.telefoonboek.nl/bedrijven/t2048756/den-haag/ontbijtje/; https://www.telefoonboek.nl/bedrijven/t8101801/den-haag/ontbijtservice-delphy-t.h.o.d.n.-ontbijtservice/; https://www.telefoonboek.nl/bedrijven/t3514945/den-haag/ontbijtservice-b.v./; https://www.telefoonboek.nl/bedrijven/t8318203/zoetermeer/ontbijtservice-verpakkingen-b.v./; https://www.telefoonboek.nl/bedrijven/t2710098/ulicoten/0174-catering/; https://www.telefoonboek.nl/bedrijven/t3591756/rijswijk-zuid-holland/warme-bakker-korst-v.o.f./; https://www.telefoonboek.nl/zoeken/ontbijtservice/den-haag/storechain=ontbijtje/; https://www.telefoonboek.nl/zoeken/ontbijtservice/den-haag/maincategory=ontbijtservice/; https://www.telefoonboek.nl/zoeken/ontbijtservice/den-haag/maincategory=recreatie/; https://www.telefoonboek.nl/bedrijven/t2050326/den-haag/de-wereld-van-dranken-wijnhandel-slijterij-caves-hubert/; https://www.telefoonboek.nl/bedrijven/t2050322/den-haag/de-wereld-van-dranken-slijterij-v&v/; https://www.telefoonboek.nl/bedrijven/t9575665/den-haag/dranken-nl/; https://www.telefoonboek.nl/bedrijven/t4484998/den-haag/alpes-zh/; https://www.telefoonboek.nl/bedrijven/t8505408/den-haag/ufie-dranken-b.v./; https://www.telefoonboek.nl/bedrijven/t4126545/den-haag/pavie-wines-&-gifts/; https://www.telefoonboek.nl/bedrijven/t2689013/den-haag/schouten-wijn-en-gedistilleerd-import-b.v./; https://www.telefoonboek.nl/bedrijven/t3746133/den-haag/bio-foodie-b.v./; https://www.telefoonboek.nl/bedrijven/t3633694/den-haag/cafetaria-oostbroek/; https://www.telefoonboek.nl/bedrijven/t3834768/den-haag/wijnen-uit-de-elzas/; https://www.telefoonboek.nl/bedrijven/t4405121/den-haag/quench/; https://www.telefoonboek.nl/bedrijven/t4986119/den-haag/sheez/; https://www.telefoonboek.nl/bedrijven/t2679366/den-haag/drankenhandel-drimo-express/; https://www.telefoonboek.nl/zoeken/dranken/den-haag/storechain=de-wereld-van-dranken/; https://www.telefoonboek.nl/zoeken/dranken/den-haag/maincategory=groothandel-in-dranken/; https://www.telefoonboek.nl/zoeken/dranken/den-haag/maincategory=dranken/; https://www.telefoonboek.nl/zoeken/dranken/delft/; https://www.telefoonboek.nl/zoeken/dranken/voorburg/; https://www.telefoonboek.nl/zoeken/dranken/leidschendam/; https://www.telefoonboek.nl/zoeken/dranken/nootdorp/; https://www.telefoonboek.nl/zoeken/dranken/monster/; https://www.telefoonboek.nl/zoeken/dranken/wateringen/; https://www.telefoonboek.nl/zoeken/dranken/wassenaar/; https://www.telefoonboek.nl/zoeken/groothandel-in-dranken/den-haag/; https://www.telefoonboek.nl/zoeken/theater/den-haag/; https://www.telefoonboek.nl/bedrijven/t3611409/den-haag/maroliva-food/; https://www.telefoonboek.nl/bedrijven/t4990934/den-haag/tomasz-groothandel-import-en-export-b.v./; https://www.telefoonboek.nl/bedrijven/t2703325/den-haag/l.a.-american-food/; https://www.telefoonboek.nl/bedrijven/t4330688/den-haag/alston-foods-b.v/; https://www.telefoonboek.nl/bedrijven/t4827080/den-haag/nesia-food/; https://www.telefoonboek.nl/bedrijven/t4380903/den-haag/toko-nusantara/; https://www.telefoonboek.nl/bedrijven/t4311564/den-haag/tropa-cafe-b.v./; https://www.telefoonboek.nl/bedrijven/t4206725/den-haag/arris-food-b.v./; https://www.telefoonboek.nl/zoeken/voedingsmiddelen/den-haag/maincategory=groothandel-in-dranken/; https://www.telefoonboek.nl/bedrijven/t2675417/den-haag/boulevard-hotel-scheveningen/; https://www.telefoonboek.nl/zoeken/hotel/den-haag/maincategory=bed-and-breakfast/; https://www.telefoonboek.nl/bedrijven/t2033247/delft/keuken-kampioen/; https://www.telefoonboek.nl/bedrijven/t4262186/den-haag/de-peper-authentieke-thaise-keuken/; https://www.telefoonboek.nl/bedrijven/t3563373/den-haag/restaurant-symbiose/; https://www.telefoonboek.nl/bedrijven/t3449915/den-haag/restaurant-nurzadem/; https://www.telefoonboek.nl/zoeken/restaurant/den-haag/maincategory=groothandel-in-dranken/; https://www.telefoonboek.nl/bedrijven/t4118598/den-haag/snackbar-het-hobbetje/; https://www.telefoonboek.nl/bedrijven/t4961955/den-haag/snackbar-snoepy/; https://www.telefoonboek.nl/bedrijven/t4329083/den-haag/pizzeria-manhattan/; https://www.telefoonboek.nl/bedrijven/t3746717/den-haag/cafetaria-de-smikkelkoning/; https://www.telefoonboek.nl/bedrijven/t3158187/den-haag/lunchroom-&-banketbakkerij-bab-mansour/; https://www.telefoonboek.nl/bedrijven/t2701480/den-haag/roti-center-ypenburg/; https://www.telefoonboek.nl/zoeken/snackbar/den-haag/storechain=foodmaster/; https://www.telefoonboek.nl/zoeken/snackbar/den-haag/storechain=verhage-fast-food/; https://www.telefoonboek.nl/bedrijven/t4907147/den-haag/vincenzos-b.v./; https://www.telefoonboek.nl/bedrijven/t4973659/den-haag/la-piazzetta-di-lauro/; https://www.telefoonboek.nl/bedrijven/t3151564/den-haag/la-cantina-di-pierino/; https://www.telefoonboek.nl/bedrijven/t4539320/den-haag/ristorante-pizzeria-lanterna/; https://www.telefoonboek.nl/bedrijven/t3744703/den-haag/sapore-den-haag/; https://www.telefoonboek.nl/bedrijven/t4405279/den-haag/bacco-perbacco/; https://www.telefoonboek.nl/bedrijven/t4754818/den-haag/papas-kitchen-and-drinks/; https://www.telefoonboek.nl/bedrijven/t4564564/den-haag/ristorante-pizzeria-lanterna/; https://www.telefoonboek.nl/bedrijven/t4776465/den-haag/burrata-turfmarkt-b.v./; https://www.telefoonboek.nl/bedrijven/t4939648/den-haag/supermarkt-lazo/; https://www.telefoonboek.nl/bedrijven/t2695523/den-haag/i-fiori/; https://www.telefoonboek.nl/bedrijven/t2728979/den-haag/eddy-stikkelorum/; https://www.telefoonboek.nl/bedrijven/t4479901/den-haag/cafe-kees/; https://www.telefoonboek.nl/bedrijven/t4833441/den-haag/kees-zegers-theatertechniek/; https://www.telefoonboek.nl/bedrijven/t4250725/den-haag/l-ocean-atlantique/,html; html; html; html; html; html; html; html; html; html; html; html; html; html; html; html; html; html; html; html; html; html; html; html; html; html; html; html; html; html; html; html; html; html; html; html; html; html; html; html; html; html; html; html; html; html; html; html; html; html; html; html; html; html; html; html; html; html; html; html; html; html; html; html; html; html; html; html; html; html; html; html; html; html; html; html; html; html; html; html; html; html; html; html; html; html; html; html; html; html; html; html; html; html; html; html; html; html; html; html; html; html; html; html; html; html; html; html; html; html; html; html; html; html; html; html; html; html; html; html; html; html; html; html; html; html; html; html; html,,4056,2025-07-29 20:02:53,database_with_menus,True,2025-08-06T20:04:50.275671
db_77,Leopold,https://www.caferestaurantleopold.nl/,The Hague,Netherlands,Unknown,Unknown,,,,,,,10,https://www.caferestaurantleopold.nl/#tab-1521018379805-2-10; https://www.caferestaurantleopold.nl/#tab-1525260661151-4-5; https://www.caferestaurantleopold.nl/#tab-1600940039551-0-6; https://www.caferestaurantleopold.nl/#tab-1600967915598-3-10; https://www.caferestaurantleopold.nl/#tab-1548931627625-0-7; https://www.caferestaurantleopold.nl/#tab-1548931630113-0-0; https://www.caferestaurantleopold.nl/#tab-1600967887082-0-1; https://www.caferestaurantleopold.nl/#tab-1615902065908-3-0; https://www.caferestaurantleopold.nl/#menu; https://www.caferestaurantleopold.nl/,html; html; html; html; html; html; html; html; html; html,,3300,2025-07-29 20:02:53,database_with_menus,True,2025-08-06T20:04:50.275675
db_66,Olympia,https://www.olympiarijswijk.nl/,The Hague,Netherlands,Unknown,Unknown,,,,,,,9,https://olympiarijswijk.sitedish.shop/#menu; https://olympiarijswijk.sitedish.shop/#categorie1; https://olympiarijswijk.sitedish.shop/#categorie2; https://olympiarijswijk.sitedish.shop/#categorie6; https://olympiarijswijk.sitedish.shop/#categorie7; https://olympiarijswijk.sitedish.shop/#categorie8; https://olympiarijswijk.sitedish.shop/#categorie9; https://olympiarijswijk.sitedish.shop/#categorie10; https://olympiarijswijk.sitedish.shop/#categorie14,html; html; html; html; html; html; html; html; html,,1246,2025-07-29 20:02:53,database_with_menus,True,2025-08-06T20:04:50.275679
db_90,Restaurant Elea,https://restaurantelea.nl/,The Hague,Netherlands,Unknown,Unknown,,,,,,,7,https://restaurantelea.nl/menukaart/; https://restaurantelea.nl/#tab-1752931490812-10; https://restaurantelea.nl/wijnkaart/; https://restaurantelea.nl/menu/; https://restaurantelea.nl/menu; https://restaurantelea.nl/menukaart; https://restaurantelea.nl/,html; html; html; html; html; html; html,,673,2025-07-29 20:02:53,database_with_menus,True,2025-08-06T20:04:50.275683
db_51,Blue Lagoon,https://www.bluelagoon.nl/,The Hague,Netherlands,Unknown,Unknown,,,,,,,5,https://www.bluelagoon.nl/; https://www.bluelagoon.nl/menu/; https://www.bluelagoon.nl/menu; https://www.bluelagoon.nl/menukaart/; https://www.bluelagoon.nl/menukaart,html; html; html; html; html,0.674251497005988,651,2025-07-29 20:02:53,database_with_menus,True,2025-08-06T20:04:50.275687
db_48,Strandrestaurant Atlantis,https://beachclubatlantis.nl/,The Hague,Netherlands,Unknown,Unknown,,,,,,,4,https://beachclubatlantis.nl/menukaart/; https://beachclubatlantis.nl/menu/; https://beachclubatlantis.nl/menu; https://beachclubatlantis.nl/menukaart,html; html; html; html,0.8914675767918088,483,2025-07-29 20:02:53,database_with_menus,True,2025-08-06T20:04:50.275691
db_85,De Vliethof,https://hikersbay.com/restaurant/netherlands/Restaurant%20De%20Vliethof?lat=52.024205&lon=4.27572&lang=de,The Hague,Netherlands,Unknown,Unknown,,,,,,,14,https://hikersbay.com/hotels/netherlands/amsterdam?lang=de&order=score; https://hikersbay.com/place/netherlands/Sichuan%20Food?lat=52.366557&lon=4.890566&lang=de; https://hikersbay.com/europe/netherlands/hotel/nl/okura.html?lang=de; https://hikersbay.com/place/netherlands/Beatrixpark?lat=52.343238&lon=4.881599&lang=de; https://hikersbay.com/europe/netherlands/hotel/nl/amsterdam-jewel-canal-apartments.html?lang=de; https://hikersbay.com/europe/netherlands/hotel/nl/cozy-private-room-next-to-vondelpark.html?lang=de; https://hikersbay.com/europe/netherlands/hotel/nl/beletageadam.html?lang=de; https://hikersbay.com/europe/netherlands/hotel/nl/residenz-stadslogement.html?lang=de; https://hikersbay.com/europe/netherlands/hotel/nl/de-thuiskamer.html?lang=de; https://hikersbay.com/europe/netherlands/hotel/nl/hof-van-lutten.html?lang=de; https://hikersbay.com/place/netherlands/Bed%20and%20Breakfast%20Amsterdam%20The%20Blue%20Sheep?lat=52.377162&lon=4.891599&lang=de; https://hikersbay.com/northamerica/usa/seattle?lang=de; https://hikersbay.com/hotels/netherlands?lang=de&order=score; https://hikersbay.com/europe/netherlands/hotel/nl/big-exellent-equipped-room.html?lang=de,html; html; html; html; html; html; html; html; html; html; html; html; html; html,,452,2025-07-29 20:02:53,database_with_menus,True,2025-08-06T20:04:50.275694
db_28,Bandu Beach,https://www.bandubeach.nl/,The Hague,Netherlands,Unknown,Unknown,,,,,,,4,https://www.bandubeach.nl/menu/; https://www.bandubeach.nl/menu; https://www.bandubeach.nl/menukaart/; https://www.bandubeach.nl/menukaart,html; html; html; html,0.6803571428571429,421,2025-07-29 20:02:53,database_with_menus,True,2025-08-06T20:04:50.275697
db_26,Olympia,https://www.olympiarijswijk.nl/,The Hague,Netherlands,Unknown,Unknown,,,,,,,3,https://olympiarijswijk.sitedish.shop/#menu; https://olympiarijswijk.sitedish.shop/#categorie2; https://olympiarijswijk.sitedish.shop/#categorie8,html; html; html,0.6901408450704225,418,2025-07-29 20:02:53,database_with_menus,True,2025-08-06T20:04:50.275701
db_72,Zirve Restaurant,https://zirve-restaurant.nl/,The Hague,Netherlands,Unknown,Unknown,,,,,,,2,https://zirve-restaurant.nl/menu; https://zirve-restaurant.nl/menu/,html; html,,350,2025-07-29 20:02:53,database_with_menus,True,2025-08-06T20:04:50.275704
db_73,Long Ting,https://denhaagdalongyi.nl/restaurant-buffet/,The Hague,Netherlands,Unknown,Unknown,,,,,,,2,https://denhaagdalongyi.nl/menu/; https://denhaagdalongyi.nl/menu,html; html,,193,2025-07-29 20:02:53,database_with_menus,True,2025-08-06T20:04:50.275708
db_44,Barbarossa Beach,https://www.barbarossabeach.nl/,The Hague,Netherlands,Unknown,Unknown,,,,,,,4,https://www.barbarossabeach.nl/menu/; https://www.barbarossabeach.nl/menu; https://www.barbarossabeach.nl/menukaart/; https://www.barbarossabeach.nl/menukaart,html; html; html; html,0.9539130434782609,130,2025-07-29 20:02:53,database_with_menus,True,2025-08-06T20:04:50.275711
db_40,Habana Beach,https://www.habana.nl/,The Hague,Netherlands,Unknown,Unknown,,,,,,,1,https://www.habana.nl/restaurant/,html,0.8925619834710743,110,2025-07-29 20:02:53,database_with_menus,True,2025-08-06T20:04:50.275715
db_63,De Halve Maan,https://dehalvemaan.nl/,The Hague,Netherlands,Unknown,Unknown,,,,,,,6,https://dehalvemaan.nl/; https://dehalvemaan.nl/menu/; https://dehalvemaan.nl/menukaart/lunch/; https://dehalvemaan.nl/menukaart/diner/; https://dehalvemaan.nl/?nav_cpt=menukaart; https://dehalvemaan.nl/menukaart/kindermenu/,html; html; html; html; html; html,,85,2025-07-29 20:02:53,database_with_menus,True,2025-08-06T20:04:50.275718
db_67,De Wits,https://dewits.nl/,The Hague,Netherlands,Unknown,Unknown,,,,,,,3,https://dewits.nl/menu/; https://dewits.nl/menu; https://dewits.nl/,html; html; html,,84,2025-07-29 20:02:53,database_with_menus,True,2025-08-06T20:04:50.275721
db_23,De Halve Maan,https://dehalvemaan.nl/,The Hague,Netherlands,Unknown,Unknown,,,,,,,5,https://dehalvemaan.nl/; https://dehalvemaan.nl/menukaart/lunch/; https://dehalvemaan.nl/menukaart/diner/; https://dehalvemaan.nl/?nav_cpt=menukaart; https://dehalvemaan.nl/menukaart/kindermenu/,html; html; html; html; html,0.8977777777777778,80,2025-07-29 20:02:53,database_with_menus,True,2025-08-06T20:04:50.275725
db_32,Sol Beach,https://www.solbeach.nl/,The Hague,Netherlands,Unknown,Unknown,,,,,,,9,https://www.solbeach.nl/ervaar-solbeach-2/menukaarten/; https://www.solbeach.nl/lunch/; https://www.solbeach.nl/lunch; https://www.solbeach.nl/activity/ontbijt/; https://www.solbeach.nl/activity/lunch-2/; https://www.solbeach.nl/activity/high-wine-high-beer/; https://www.solbeach.nl/activity/diner/; https://www.solbeach.nl/activity-category/creatieve-en-muzikale-activiteiten/; https://www.solbeach.nl/lekker-eten-in-scheveningen/,html; html; html; html; html; html; html; html; html,0.83,76,2025-07-29 20:02:53,database_with_menus,True,2025-08-06T20:04:50.275730
db_24,Callao,https://www.callao.nl/,The Hague,Netherlands,Unknown,Unknown,,,,,,,2,https://www.callao.nl/menu/; https://www.callao.nl/menu,html; html,0.953125,64,2025-07-29 20:02:53,database_with_menus,True,2025-08-06T20:04:50.275733
db_64,Callao,https://www.callao.nl/,The Hague,Netherlands,Unknown,Unknown,,,,,,,2,https://www.callao.nl/menu/; https://www.callao.nl/menu,html; html,,64,2025-07-29 20:02:53,database_with_menus,True,2025-08-06T20:04:50.275736
db_79,Roti Center Ypenburg,https://www.smakelijk-eten.nl/roti-center-ypenburg,The Hague,Netherlands,Unknown,Unknown,,,,,,,2,https://www.smakelijk-eten.nl/food/; https://www.smakelijk-eten.nl/roti-center-ypenburg,html; html,,63,2025-07-29 20:02:53,database_with_menus,True,2025-08-06T20:04:50.275740
db_50,Suiderstrand,https://www.suiderstrand.nl/,The Hague,Netherlands,Unknown,Unknown,,,,,,,1,https://www.suiderstrand.nl/eten-en-drinken,html,0.7017857142857142,56,2025-07-29 20:02:53,database_with_menus,True,2025-08-06T20:04:50.275743
db_75,Naga Thai,https://www.nagathai.nl/,The Hague,Netherlands,Unknown,Unknown,,,,,,,5,https://www.nagathai.nl/lunch; https://www.nagathai.nl/menu; https://www.nagathai.nl/afhaal-menu; https://www.nagathai.nl/combi-menus; https://www.nagathai.nl/menu/,html; html; html; html; html,,56,2025-07-29 20:02:53,database_with_menus,True,2025-08-06T20:04:50.275747
db_89,De Salon van Fagel,https://www.salonvanfagel.nl/,The Hague,Netherlands,Unknown,Unknown,,,,,,,1,https://www.resetspa.nl/nl/over-reset-spa/locatie-den-haag,html,,50,2025-07-29 20:02:53,database_with_menus,True,2025-08-06T20:04:50.275750
db_76,Balkan Grill,https://balkangrill.nl/,The Hague,Netherlands,Unknown,Unknown,,,,,,,3,https://balkangrill.nl/index.php/voorgerechten/; https://balkangrill.nl/index.php/hoofdgerechten/; https://balkangrill.nl/index.php/nagerechten/,html; html; html,,42,2025-07-29 20:02:53,database_with_menus,True,2025-08-06T20:04:50.275753
db_69,De Chinese Muur,https://chinesemuurdenhaag.nl/,The Hague,Netherlands,Unknown,Unknown,,,,,,,1,https://chinesemuurdenhaag.nl/a-la-carte/,html,,40,2025-07-29 20:02:53,database_with_menus,True,2025-08-06T20:04:50.275757
db_41,Hudson beach,https://www.hudsonbeach.nl/,The Hague,Netherlands,Unknown,Unknown,,,,,,,1,https://www.hudsonbeach.nl/menu/breakfast,html,0.8666666666666667,36,2025-07-29 20:02:53,database_with_menus,True,2025-08-06T20:04:50.275760
db_81,Umami,https://www.umami-restaurant.com,The Hague,Netherlands,Unknown,Unknown,,,,,,,4,https://umami-restaurant.com/menu/; https://umami-restaurant.com/steamed-seafood-bar/; https://umami-restaurant.com/wp-content/uploads/2025/03/Social-Dining-Lunch-Deal-1.pdf; https://www.umami-restaurant.com,html; html; html; html,,20,2025-07-29 20:02:53,database_with_menus,True,2025-08-06T20:04:50.275763
db_33,Twins,https://www.twins.nl/,The Hague,Netherlands,Unknown,Unknown,,,,,,,1,https://www.twins.nl/,html,0.6,16,2025-07-29 20:02:53,database_with_menus,True,2025-08-06T20:04:50.275767
db_25,Bistro Le Petit Chef,https://bistrolepetitchef.nl/,The Hague,Netherlands,Unknown,Unknown,,,,,,,2,https://bistrolepetitchef.nl/#menu; https://bistrolepetitchef.nl/wp-content/uploads/2025/05/LPC_Menukaart_Bistro.pdf,html; html,0.99375,15,2025-07-29 20:02:53,database_with_menus,True,2025-08-06T20:04:50.275770
db_38,Beachclub La Parade,https://beachclublaparade.nl,The Hague,Netherlands,Unknown,Unknown,,,,,,,3,https://beachclublaparade.nl/menu/; https://beachclublaparade.nl; https://beachclublaparade.nl/vacature/bartender/,html; html; html,0.5375,15,2025-07-29 20:02:53,database_with_menus,True,2025-08-06T20:04:50.275773
db_65,Bistro Le Petit Chef,https://bistrolepetitchef.nl/,The Hague,Netherlands,Unknown,Unknown,,,,,,,2,https://bistrolepetitchef.nl/#menu; https://bistrolepetitchef.nl/wp-content/uploads/2025/05/LPC_Menukaart_Bistro.pdf,html; html,,15,2025-07-29 20:02:53,database_with_menus,True,2025-08-06T20:04:50.275777
db_88,De Tapperij,https://www.restaurantdetapperij.nl/,The Hague,Netherlands,Unknown,Unknown,,,,,,,4,https://www.restaurantdetapperij.nl/lunch; https://www.restaurantdetapperij.nl/diner-tapperij; https://www.restaurantdetapperij.nl/wijnen; https://www.restaurantdetapperij.nl/gezelschappen,html; html; html; html,,13,2025-07-29 20:02:53,database_with_menus,True,2025-08-06T20:04:50.275780
db_87,Athena Palace,https://www.athenepalace.nl/,The Hague,Netherlands,Unknown,Unknown,,,,,,,3,https://www.athenepalace.nl/menu; https://www.athenepalace.nl/onewebmedia/MenukaartAtheneDenHaag%20A3%2009-05-2025.pdf; https://www.athenepalace.nl/,html; html; html,,7,2025-07-29 20:02:53,database_with_menus,True,2025-08-06T20:04:50.275783
db_45,Beachclub Culpepper,https://www.culpepper.nl/,The Hague,Netherlands,Unknown,Unknown,,,,,,,2,https://www.culpepper.nl/eten; https://www.culpepper.nl/eten-aan-zee,html; html,0.3833333333333333,6,2025-07-29 20:02:53,database_with_menus,True,2025-08-06T20:04:50.275795
db_29,Buena Vista Beach Club,https://www.buenavistabeachclub.nl/,The Hague,Netherlands,Unknown,Unknown,,,,,,,2,https://buenavistabeachclub.nl/wp-content/uploads/2025/03/buena-vista_menukaart_boek_2025-CDEF.pdf; https://www.buenavistabeachclub.nl/,html; html,0.44999999999999996,5,2025-07-29 20:02:53,database_with_menus,True,2025-08-06T20:04:50.275822
db_84,Restaurant Zebedeus,https://www.zebedeus.nl/,The Hague,Netherlands,Unknown,Unknown,,,,,,,3,https://zebedeus.nl/wp-content/uploads/2025/06/lunchkaartjuni25.pdf; https://zebedeus.nl/wp-content/uploads/2025/06/dinerkaartjuni25.pdf; https://zebedeus.nl/wp-content/uploads/2025/06/bierwijnkaartjuni25.pdf,html; html; html,,5,2025-07-29 20:02:53,database_with_menus,True,2025-08-06T20:04:50.275837
db_83,Very Italian Pizza,https://veryitalianpizza.nl/,The Hague,Netherlands,Unknown,Unknown,,,,,,,1,https://veryitalianpizza.nl/wp-content/uploads/2024/12/VIP-Menukaart.pdf,html,,5,2025-07-29 20:02:53,database_with_menus,True,2025-08-06T20:04:50.275845
db_80,Bit Grill and Cafe,https://www.bitgrill.nl/,The Hague,Netherlands,Unknown,Unknown,,,,,,,2,http://www.restaurant-denhaag.nl/bouzy-wine-food; http://www.restaurant-denhaag.nl/diner-thuis,html; html,,4,2025-07-29 20:02:53,database_with_menus,True,2025-08-06T20:04:50.275850
db_21,Eetcafé Hagedis,https://www.restauranthagedis.nl,The Hague,Netherlands,Unknown,Unknown,,,,,,,1,https://www.restauranthagedis.nl/menu/,html,0.45,3,2025-07-29 20:02:53,database_with_menus,True,2025-08-06T20:04:50.275854
db_70,Ming Dynasty,https://mingdynasty.nl/,The Hague,Netherlands,Unknown,Unknown,,,,,,,3,https://mingdynasty.nl/menu/; https://mingdynasty.nl/menu; https://mingdynasty.nl/,html; html; html,,3,2025-07-29 20:02:53,database_with_menus,True,2025-08-06T20:04:50.275857
db_61,Eetcafé Hagedis,https://www.restauranthagedis.nl,The Hague,Netherlands,Unknown,Unknown,,,,,,,2,https://www.restauranthagedis.nl/menu/; https://www.restauranthagedis.nl/menu,html; html,,3,2025-07-29 20:02:53,database_with_menus,True,2025-08-06T20:04:50.275861
db_86,Verona,https://www.restaurant-verona.nl/,The Hague,Netherlands,Unknown,Unknown,,,,,,,1,https://www.restaurant-verona.nl/_files/ugd/0ec546_3a72af29752c43019fffe1c756609d49.pdf,html,,3,2025-07-29 20:02:53,database_with_menus,True,2025-08-06T20:04:50.275864
db_62,Marea Alta,http://www.barcelonaconnect.com/marea-alta/,The Hague,Netherlands,Unknown,Unknown,,,,,,,3,http://www.barcelonaconnect.com/best-cheese-in-barcelona/; http://www.barcelonaconnect.com/best-street-food-markets-barcelona/; http://www.barcelonaconnect.com/category/things-to-do/discover-barcelona/,html; html; html,,2,2025-07-29 20:02:53,database_with_menus,True,2025-08-06T20:04:50.275868
db_43,Beachclub Birds,https://www.beachclubbirds.nl/,The Hague,Netherlands,Unknown,Unknown,,,,,,,1,https://www.beachclubbirds.nl/birds/food-drinks/,html,0.15000000000000002,1,2025-07-29 20:02:53,database_with_menus,True,2025-08-06T20:04:50.275876
db_141,Gusto di Italb,https://www.gustodiitalb.nl/,The Hague,Netherlands,Unknown,Unknown,,,,,,,3,https://www.gustodiitalb.nl/menukaart/; https://www.gustodiitalb.nl/menu/; https://www.gustodiitalb.nl/menu,html; html; html,1,0,,database_with_menus,True,2025-08-06T20:04:50.275887
db_151,Gusto di Italb,https://www.gustodiitalb.nl/,The Hague,Netherlands,Unknown,Unknown,,,,,,,1,https://www.gustodiitalb.nl/menukaart/,html,1,0,,database_with_menus,True,2025-08-06T20:04:50.275922
db_157,Basaal,https://www.restaurantbasaal.nl/,The Hague,Netherlands,Unknown,Unknown,,,,,,,1,https://www.restaurantbasaal.nl/menu/voor-hoofd-gerechten,html,1,0,,database_with_menus,True,2025-08-06T20:04:50.275926
db_166,La Luna,https://www.ristorantelaluna.nl/,The Hague,Netherlands,Unknown,Unknown,,,,,,,1,https://www.ristorantelaluna.nl/a-la-carte,html,1,0,,database_with_menus,True,2025-08-06T20:04:50.275930
db_161,Lunchroom Royal Corner,https://www.royalcorner.nl,The Hague,Netherlands,Unknown,Unknown,,,,,,,1,https://www.royalcorner.nl/menukaart.pdf,html,0.9,0,,database_with_menus,True,2025-08-06T20:04:50.275935
db_146,De Smulhoeve,https://www.ipsedebruggen.nl/lunchcafe-de-smulhoeve,The Hague,Netherlands,Unknown,Unknown,,,,,,,2,https://www.ipsedebruggen.nl/media/initiatieven/smulhoeve/menukaart_drank_en_lunch_heel_-_2025.pdf; https://www.ipsedebruggen.nl/cadeaukaart,html; html,0.8,0,,database_with_menus,True,2025-08-06T20:04:50.275938
db_156,De Smulhoeve,https://www.ipsedebruggen.nl/lunchcafe-de-smulhoeve,The Hague,Netherlands,Unknown,Unknown,,,,,,,1,https://www.ipsedebruggen.nl/media/initiatieven/smulhoeve/menukaart_drank_en_lunch_heel_-_2025.pdf,html,0.8,0,,database_with_menus,True,2025-08-06T20:04:50.275941
db_142,Sallo's,https://www.sallos.nl/,The Hague,Netherlands,Unknown,Unknown,,,,,,,3,https://www.sallos.nl/menu/; https://www.sallos.nl/menu; https://www.sallos.nl/lunch/,html; html; html,0.7,0,,database_with_menus,True,2025-08-06T20:04:50.275945
db_140,Yami yami,https://www.yami-yami.nl/,The Hague,Netherlands,Unknown,Unknown,,,,,,,2,https://www.yami-yami.nl/menu/; https://www.yami-yami.nl/menu,html; html,0.7,0,,database_with_menus,True,2025-08-06T20:04:50.275948
db_143,Yami yami,https://www.yami-yami.nl,The Hague,Netherlands,Unknown,Unknown,,,,,,,2,https://www.yami-yami.nl/menu/; https://www.yami-yami.nl/menu,html; html,0.7,0,,database_with_menus,True,2025-08-06T20:04:50.275951
db_150,Yami yami,https://www.yami-yami.nl/,The Hague,Netherlands,Unknown,Unknown,,,,,,,1,https://www.yami-yami.nl/menu/,html,0.7,0,,database_with_menus,True,2025-08-06T20:04:50.275954
db_152,Sallo's,https://www.sallos.nl/,The Hague,Netherlands,Unknown,Unknown,,,,,,,1,https://www.sallos.nl/menu/,html,0.7,0,,database_with_menus,True,2025-08-06T20:04:50.275958
db_153,Yami yami,https://www.yami-yami.nl,The Hague,Netherlands,Unknown,Unknown,,,,,,,1,https://www.yami-yami.nl/menu/,html,0.7,0,,database_with_menus,True,2025-08-06T20:04:50.275961
db_165,Cucina Di Casa,https://cucinadicasa.nl/,The Hague,Netherlands,Unknown,Unknown,,,,,,,1,https://cucinadicasa.nl/menu.html,html,0.6,0,,database_with_menus,True,2025-08-06T20:04:50.275965
csv_1,Momiji Sushi,https://momiji-sushi.nl/,The Hague,Netherlands,Unknown,Unknown,,,,,,,1,https://momiji-sushi.nl/nl/menu,direct_link,,0,,csv_file,True,2025-08-06T20:04:50.284818
csv_2,Song Phi Nong,http://www.song-phi-nong.nl,The Hague,Netherlands,Unknown,Unknown,,,,,,,0,,,,0,,csv_file,False,2025-08-06T20:04:50.284887
csv_3,Leuk,https://www.leuketenendrinken.nl,The Hague,Netherlands,Unknown,Unknown,,,,,,,0,,,,0,,csv_file,False,2025-08-06T20:04:50.285025
csv_4,De Tapperij,http://www.detapperij.net/,The Hague,Netherlands,Unknown,Unknown,,,,,,,0,,,,0,,csv_file,False,2025-08-06T20:04:50.285128
csv_5,Simonis aan de haven,https://www.simonisvis.nl/vestigingen/aan-de-haven,The Hague,Netherlands,Unknown,Unknown,,,,,,,0,,,,0,,csv_file,False,2025-08-06T20:04:50.285179
csv_6,Follia,https://www.follia.nl,The Hague,Netherlands,Unknown,Unknown,,,,,,,0,,,,0,,csv_file,False,2025-08-06T20:04:50.285214
csv_7,Chefsbar Seinpost,https://www.chefsbarseinpost.nl/,The Hague,Netherlands,Unknown,Unknown,,,,,,,1,https://www.chefsbarseinpost.nl/menu,direct_link,,0,,csv_file,True,2025-08-06T20:04:50.285335
csv_8,Eethuis Lage Veld,https://www.eethuislageveld.nl/,The Hague,Netherlands,Unknown,Unknown,,,,,,,0,,,,0,,csv_file,False,2025-08-06T20:04:50.285362
csv_9,Dozo,https://restaurantdozo.nl,The Hague,Netherlands,Unknown,Unknown,,,,,,,0,,,,0,,csv_file,False,2025-08-06T20:04:50.285400
csv_10,il Senso,https://www.il-senso.nl/,The Hague,Netherlands,Unknown,Unknown,,,,,,,0,,,,0,,csv_file,False,2025-08-06T20:04:50.285421
csv_11,Vincenzo's,https://vincenzos.nl/location/pizzeria-centrum,The Hague,Netherlands,Unknown,Unknown,,,,,,,0,,,,0,,csv_file,False,2025-08-06T20:04:50.285457
csv_12,Yara Grieks Eten & Grillroom,https://www.thuisbezorgd.nl/yara,The Hague,Netherlands,Unknown,Unknown,,,,,,,0,,,,0,,csv_file,False,2025-08-06T20:04:50.285477
csv_13,Thai Basil,https://www.thaibasil.nl,The Hague,Netherlands,Unknown,Unknown,,,,,,,0,,,,0,,csv_file,False,2025-08-06T20:04:50.285526
csv_14,La Lanterna,https://www.lalanterna.nl/,The Hague,Netherlands,Unknown,Unknown,,,,,,,0,,,,0,,csv_file,False,2025-08-06T20:04:50.285546
csv_15,Anaya Foods,https://anayafoods.nl/,The Hague,Netherlands,Unknown,Unknown,,,,,,,0,,,,0,,csv_file,False,2025-08-06T20:04:50.285565
csv_16,La Tavola,https://latavola.nl/,The Hague,Netherlands,Unknown,Unknown,,,,,,,0,,,,0,,csv_file,False,2025-08-06T20:04:50.285616
csv_17,Restaurant Lemongrass,https://www.lemongrass.nl/,The Hague,Netherlands,Unknown,Unknown,,,,,,,0,,,,0,,csv_file,False,2025-08-06T20:04:50.285650
csv_18,Thais Oriëntal Phuket,http://www.restaurant-phuket.nl,The Hague,Netherlands,Unknown,Unknown,,,,,,,0,,,,0,,csv_file,False,2025-08-06T20:04:50.285671
csv_19,De Dagvisser,https://www.dedagvisser.nl,The Hague,Netherlands,Unknown,Unknown,,,,,,,0,,,,0,,csv_file,False,2025-08-06T20:04:50.285692
csv_20,Dok 28,https://www.dok28.nl,The Hague,Netherlands,Unknown,Unknown,,,,,,,0,,,,0,,csv_file,False,2025-08-06T20:04:50.285743
csv_21,Greekz,http://greekz.nl/,The Hague,Netherlands,Unknown,Unknown,,,,,,,0,,,,0,,csv_file,False,2025-08-06T20:04:50.285804
csv_22,Haringhuisje,https://www.hetharinghuisje.nl/,The Hague,Netherlands,Unknown,Unknown,,,,,,,0,,,,0,,csv_file,False,2025-08-06T20:04:50.285864
csv_23,1900 aan Zee,https://www.1900.nu,The Hague,Netherlands,Unknown,Unknown,,,,,,,0,,,,0,,csv_file,False,2025-08-06T20:04:50.285882
csv_24,Steam,https://www.steamscheveningen.nl/,The Hague,Netherlands,Unknown,Unknown,,,,,,,0,,,,0,,csv_file,False,2025-08-06T20:04:50.285914
csv_25,'t Boothuys,https://tboothuys.nl/,The Hague,Netherlands,Unknown,Unknown,,,,,,,0,,,,0,,csv_file,False,2025-08-06T20:04:50.285946
csv_26,Mero,https://www.merovis.nl/,The Hague,Netherlands,Unknown,Unknown,,,,,,,0,,,,0,,csv_file,False,2025-08-06T20:04:50.285963
csv_27,Het Gouden Kalf,https://www.hetgoudenkalf.com/,The Hague,Netherlands,Unknown,Unknown,,,,,,,0,,,,0,,csv_file,False,2025-08-06T20:04:50.286009
csv_28,Café Constant,https://www.cafeconstant.nl,The Hague,Netherlands,Unknown,Unknown,,,,,,,0,,,,0,,csv_file,False,2025-08-06T20:04:50.286026
csv_29,Indian Bay Dreams,https://www.indianbaydreams.nl/,The Hague,Netherlands,Unknown,Unknown,,,,,,,0,,,,0,,csv_file,False,2025-08-06T20:04:50.286050
csv_30,Anfa Restaurant,https://anfarestaurant.nl/,The Hague,Netherlands,Unknown,Unknown,,,,,,,0,,,,0,,csv_file,False,2025-08-06T20:04:50.286096
csv_31,Hang Zhou,https://www.hangzhoudenhaag.nl/,The Hague,Netherlands,Unknown,Unknown,,,,,,,0,,,,0,,csv_file,False,2025-08-06T20:04:50.286113
csv_32,Bar Bowie,https://www.barbowie.nl/,The Hague,Netherlands,Unknown,Unknown,,,,,,,0,,,,0,,csv_file,False,2025-08-06T20:04:50.286145
csv_33,Proeflokaal Bregje,https://proeflokaalbregje.nl/uit-eten/den-haag/,The Hague,Netherlands,Unknown,Unknown,,,,,,,0,,,,0,,csv_file,False,2025-08-06T20:04:50.286162
csv_34,Little Miss Sangria,https://www.littlemisssangria.nl/,The Hague,Netherlands,Unknown,Unknown,,,,,,,0,,,,0,,csv_file,False,2025-08-06T20:04:50.286179
csv_35,Le Borsalino,https://www.borsalino.nl,The Hague,Netherlands,Unknown,Unknown,,,,,,,0,,,,0,,csv_file,False,2025-08-06T20:04:50.286211
csv_36,Eetcafé Augustus,https://www.eetcafe-augustus.nl,The Hague,Netherlands,Unknown,Unknown,,,,,,,0,,,,0,,csv_file,False,2025-08-06T20:04:50.286228
csv_37,Restaurant Ruby,https://www.restaurant-ruby.nl,The Hague,Netherlands,Unknown,Unknown,,,,,,,0,,,,0,,csv_file,False,2025-08-06T20:04:50.286245
csv_38,Oscars,https://www.oscars.nl,The Hague,Netherlands,Unknown,Unknown,,,,,,,0,,,,0,,csv_file,False,2025-08-06T20:04:50.286262
csv_39,De Vegetarische Toko,https://www.devegetarischetoko.nl/,The Hague,Netherlands,Unknown,Unknown,,,,,,,0,,,,0,,csv_file,False,2025-08-06T20:04:50.286294
csv_40,Veggies on Fire,https://www.veggiesonfire.nl/,The Hague,Netherlands,Unknown,Unknown,,,,,,,0,,,,0,,csv_file,False,2025-08-06T20:04:50.286339
csv_41,The Village Lounge,http://www.thevillagelounge.nl,The Hague,Netherlands,Unknown,Unknown,,,,,,,0,,,,0,,csv_file,False,2025-08-06T20:04:50.286357
