name,addr_street,addr_housenumber,addr_postcode,addr_city,addr_country,latitude,longitude,website_url,website_effective_url,website_http_status,website_is_valid,website_discovery_method,menu_url,menu_http_status,menu_is_valid,menu_discovery_method
Ming Dynasty,Spui,170,2511BW,'s-Gravenhage,,52.0765756,4.3175066,,,,false,,,,false,
Eetcafé Hagedis,Waldeck Pyrmontkade,116,2518JR,'s-Gravenhage,,52.0784108,4.2928326,https://www.restauranthagedis.nl/,,,false,,,,false,
De Chinese Muur,Jan Thijssenweg,16,2495AH,'s-Gravenhage,,52.0563779,4.3483532,https://chinesemuurdenhaag.nl/,,,false,,,,false,
Long Ting,,,,,,52.0748292,4.3142697,,,,false,,,,false,
Song Phi Nong,,,,,,52.0740235,4.3157097,,,,false,,,,false,
Naga Thai,,,,,,52.0897577,4.2749590,,,,false,,,,false,
Momiji Sushi,Rabbijn Maarsenplein,1,2512HJ,'s-Gravenhage,,52.0761389,4.3144681,https://momiji-sushi.nl/nl,,,false,,,,false,
Zirve Restaurant,Jan van Riebeekstraat,571,2595TZ,'s-Gravenhage,,52.0798560,4.3272016,https://www.zirve-restaurant.nl/,,,false,,,,false,
Callao,Dr. Lelykade,29,2583CL,'s-Gravenhage,NL,52.0949235,4.2654750,https://www.callao.nl/,,,false,,,,false,
Balkan Grill,,,,,,52.0783679,4.3152665,,,,false,,,,false,
Giorgio,,,,,,52.0667206,4.2450194,,,,false,,,,false,
Roti Center Ypenburg,Steentijdsingel,55,2496SG,'s-Gravenhage,,52.0417842,4.3693100,,,,false,,,,false,
Bit Grill and Cafe,,,,,,52.0789787,4.3099113,https://www.bitgrill.nl/,,,false,,,,false,
Very Italian Pizza,Kettingstraat,13,2511AM,'s-Gravenhage,,52.0778701,4.3104325,,,,false,,,,false,
Umami,Buitenhof,46,2513AH,'s-Gravenhage,,52.0789113,4.3096186,https://umami-restaurant.com/,,,false,,,,false,
De Tapperij,Atjehstraat,66,2585VL,'s-Gravenhage,,52.0933422,4.3056233,,,,false,,,,false,
De Salon van Fagel,Noordeinde,140C,2514GP,'s-Gravenhage,NL,52.0824164,4.3055261,,,,false,,,,false,
Leopold,,,,,,52.0799652,4.3165294,https://www.caferestaurantleopold.nl/,,,false,,,,false,
Restaurant Zebedeus,Rond de Grote Kerk,8,2513AM,'s-Gravenhage,,52.0772325,4.3073529,https://zebedeus.nl/,,,false,,,,false,
Simonis aan de haven,Visafslagweg,20,2583DM,'s-Gravenhage,NL,52.1007503,4.2641344,https://www.simonisvis.nl/vestigingen/aan-de-haven,,,false,,,,false,
Leuk,Kettingstraat,29,2511AM,'s-Gravenhage,,52.0780632,4.3103667,https://leuketenendrinken.nl/,,,false,,,,false,
Restaurant Elea,Noordeinde,142-144,2514GP,'s-Gravenhage,NL,52.0825076,4.3054260,https://restaurantelea.nl/,,,false,,,,false,
Sapori D'Italia,,,,,,52.0885581,4.3072414,,,,false,,,,false,
Kimchi House,,,,,,52.0791222,4.3044736,,,,false,,,,false,
India Palace,,,,,,52.1125765,4.2809595,,,,false,,,,false,
Chefsbar Seinpost,Zeekant,60,2586AD,'s-Gravenhage,,52.1092059,4.2756098,https://www.chefsbarseinpost.nl/,,,false,,,,false,
Follia,Frederikstraat,62,,'s-Gravenhage,,52.0881204,4.3099014,https://follia.nl/,,,false,,,,false,
Khaosaan Road,Nobelstraat,19,2513BC,'s-Gravenhage,,52.0782967,4.3057041,,,,false,,,,false,
il Senso,Nobelstraat,13,2513BC,'s-Gravenhage,,52.0783347,4.3058947,https://www.il-senso.nl/,,,false,,,,false,
Shang Hai,,,,,,52.0202982,4.2976779,,,,false,,,,false,
Waterproef B.V.,Dr. Lelykade,25-27,2583CL,'s-Gravenhage,NL,52.0950294,4.2656231,,,,false,,,,false,
Dozo,Prinsestraat,13,2513CA,'s-Gravenhage,,52.0785650,4.3064616,https://restaurantdozo.nl/,,,false,,,,false,
Thai Basil,Keizerstraat,89,2584BC,'s-Gravenhage,NL,52.1055608,4.2742818,,,,false,,,,false,
Eethuis Lage Veld,Parijsplein,12,2548VL,'s-Gravenhage,,52.0194672,4.2972684,https://www.eethuislageveld.nl/,,,false,,,,false,
Yara Grieks Eten & Grillroom,Steenwijklaan,62,2541RM,'s-Gravenhage,,52.0442827,4.2828323,https://www.thuisbezorgd.nl/,,,false,,,,false,
La Lanterna,Keizerstraat,30,2584BJ,'s-Gravenhage,NL,52.1061971,4.2737365,,,,false,,,,false,
Vincenzo's,Prinsestraat,12,2513CD,'s-Gravenhage,,52.0784549,4.3062881,https://vincenzos.nl/location/pizzeria-centrum,,,false,,,,false,
Sun Wah,Badhuisstraat,35,2584HD,'s-Gravenhage,NL,52.1054464,4.2791619,,,,false,,,,false,
Weduwe van der Toorn,Treilerdwarsweg,2,2583DA,'s-Gravenhage,NL,52.1013898,4.2693523,,,,false,,,,false,
Anaya Foods,Duinstraat,1,2584AV,'s-Gravenhage,,52.1021696,4.2780879,https://anayafoods.nl/home/,,,false,,,,false,
Restaurant Lemongrass,Doctor Lelykade,24,2583CM,'s-Gravenhage,NL,52.1003256,4.2710175,https://www.lemongrass.nl/,,,false,,,,false,
Thais Oriëntal Phuket,Schokkerweg,35,2583BH,'s-Gravenhage,NL,52.1004223,4.2709973,http://www.restaurant-phuket.nl/,,,false,,,,false,
Puerto Segundo,Schokkerweg,37,2583BH,'s-Gravenhage,NL,52.1001630,4.2714836,,,,false,,,,false,
La Tavola,Doctor Lelykade,24A,2583CM,'s-Gravenhage,NL,52.1004033,4.2708292,https://latavola.nl/,,,false,,,,false,
Dap & Co,Schokkerweg,39,2583BH,'s-Gravenhage,NL,52.0999283,4.2719888,,,,false,,,,false,
Brouwcafe de Hofnar,Dr. Lelykade,28,2583CM,'s-Gravenhage,NL,52.0999151,4.2717439,,,,false,,,,false,
Pizzeria Ristorante La Stella Marina,Dr. Lelykade,23,2583CL,'s-Gravenhage,NL,52.0950890,4.2657048,,,,false,,,,false,
SuzieQ,Dr. Lelykade,33-37,2583CL,'s-Gravenhage,NL,52.0947376,4.2652162,,,,false,,,,false,
De Dagvisser,Dr. Lelykade,26,2583CM,'s-Gravenhage,NL,52.1000949,4.2713463,https://www.dedagvisser.nl/,,,false,,,,false,
Palermo,,,,,,52.0483388,4.2360909,,,,false,,,,false,
La Dolce Vita,,,,,,52.0753578,4.2804437,,,,false,,,,false,
Crazy Pianos,Strandweg,21-29,2586JK,'s-Gravenhage,NL,52.1135072,4.2811684,,,,false,,,,false,
Simonis Aan De Boulevard,Strandweg,77-79,2586JL,'s-Gravenhage,NL,52.1151255,4.2836990,,,,false,,,,false,
Big Bell,Strandweg,41,2586JL,'s-Gravenhage,NL,52.1142620,4.2821088,,,,false,,,,false,
1900 aan Zee,Keizerstraat,49,2584BB,'s-Gravenhage,NL,52.1063884,4.2732232,,,,false,,,,false,
Columbus,Strandweg,47,2586JL,'s-Gravenhage,NL,52.1143479,4.2824928,,,,false,,,,false,
Danielz,Strandweg,43,2586JL,'s-Gravenhage,NL,52.1142818,4.2823811,,,,false,,,,false,
Dok 28,Dr. Lelykade,28b,2583CM,'s-Gravenhage,NL,52.0997838,4.2719961,https://dok28.nl/,,,false,,,,false,
't Boothuys,Strandweg,11F,2586JK,'s-Gravenhage,NL,52.1119561,4.2788206,https://tboothuys.nl/,,,false,,,,false,
Steam,Strandweg,55,2586JL,'s-Gravenhage,NL,52.1145276,4.2825087,https://www.steamscheveningen.nl/,,,false,,,,false,
Mero,Vissershavenweg,61e,2583DL,'s-Gravenhage,NL,52.1019827,4.2682202,https://www.merovis.nl/,,,false,,,,false,
Greekz,Dr. Lelykade,21,2583CL,'s-Gravenhage,NL,52.0951202,4.2658585,http://greekz.nl/,,,false,,,,false,
Haringhuisje,Vissershavenweg,66,2583DL,'s-Gravenhage,NL,52.1023382,4.2674922,https://www.hetharinghuisje.nl/,,,false,,,,false,
Sarican,,,,,,52.0728344,4.2927235,,,,false,,,,false,
Datça,,,,,,52.0817323,4.2829065,,,,false,,,,false,
Sushi Morikawa,,,,,,52.0897771,4.3104080,,,,false,,,,false,
Reina,Vissershavenweg,55A,2583DL,'s-Gravenhage,NL,52.1014681,4.2691547,,,,false,,,,false,
Taste Fresh,,,,,,52.0791197,4.2695585,,,,false,,,,false,
Café Constant,Neptunusstraat,2,2586GS,'s-Gravenhage,NL,52.1069264,4.2809555,https://www.cafeconstant.nl/,,,false,,,,false,
Casa Capello,,,,,,52.0917340,4.3021511,,,,false,,,,false,
Rotana,,,,,,52.0715118,4.3204794,,,,false,,,,false,
Hang Zhou,,,,,,52.0515649,4.3054816,https://www.hang-zhou.nl/,,,false,,,,false,
Enfes Lounge,Soestdijksekade,593,2574BH,'s-Gravenhage,,52.0614136,4.2772804,,,,false,,,,false,
Indian Bay Dreams,Doctor Lelykade,222B,2583CP,'s-Gravenhage,NL,52.0947873,4.2658483,https://www.indianbaydreams.nl/,,,false,,,,false,
Het Gouden Kalf,Dr. Lelykade,1d,2583CL,'s-Gravenhage,,52.0982395,4.2703139,https://www.hetgoudenkalf.nl/,,,false,,,,false,
Anfa Restaurant,Stationsweg,81,2515BK,'s-Gravenhage,,52.0726682,4.3193005,https://anfarestaurant.nl/,,,false,,,,false,
Bar Bowie,Regentesselaan,24A,2562CS,'s-Gravenhage,,52.0794304,4.2827734,https://www.barbowie.nl/,,,false,,,,false,
De Kleine Weimar,,,,,,52.0717575,4.2735937,,,,false,,,,false,
Kisaan,,,,,,52.0781316,4.2857328,,,,false,,,,false,
Rawien's Broodjes,Weimarstraat,60A,2562HA,'s-Gravenhage,,52.0774059,4.2843548,https://www.rawiensbroodjes.nl/foodticket/,,,false,,,,false,
Toko Cendana,Laan van Meerdervoort,164A,,'s-Gravenhage,,52.0818978,4.2885271,,,,false,,,,false,
Little Miss Sangria,Reinkenstraat,61,2517CR,'s-Gravenhage,,52.0816496,4.2835125,https://www.littlemisssangria.nl/,,,false,,,,false,
Le Borsalino,Laan van Meerdervoort,196A,,'s-Gravenhage,,52.0809721,4.2864428,https://borsalino.nl/,,,false,,,,false,
Restaurant Ruby,,,,,,52.0654171,4.2538904,,,,false,,,,false,
Eetcafé Augustus,Reinkenstraat,75,2517CS,'s-Gravenhage,,52.0819860,4.2832379,https://www.eetcafe-augustus.nl/,,,false,,,,false,
Proeflokaal Bregje,Laan van Meerdervoort,209,,'s-Gravenhage,,52.0809933,4.2835134,https://bregje.nl/uit-eten/den-haag/,,,false,,,,false,
Kicking Horse,,,,,,52.0910226,4.2739513,,,,false,,,,false,
De Vegetarische Toko,Prins Hendrikstraat,150A,2518HX,'s-Gravenhage,NL,52.0806479,4.2906371,https://www.devegetarischetoko.nl/,,,false,,,,false,
Oscars,Gevers Deynootweg,205,2586HZ,'s-Gravenhage,,52.1176012,4.2882878,https://oscars.nl/,,,false,,,,false,
Buen Provecho,Weteringkade,1,2515AK,'s-Gravenhage,NL,52.0727018,4.3246476,,,,false,,,,false,
Veggies on Fire,Beeklaan,385,2562AZ,'s-Gravenhage,,52.0784785,4.2776822,https://www.veggiesonfire.nl/,,,false,,,,false,
Sonya,Keizerstraat,122,2584BL,'s-Gravenhage,,52.1051306,4.2750332,,,,false,,,,false,
La Galleria Kurhausplein,Gevers Deynootplein,105,2586CP,'s-Gravenhage,,52.1130294,4.2826072,https://www.lagalleria.nl/,,,false,,,,false,
Café de Bayonne,Keizerstraat,126,2584BM,'s-Gravenhage,,52.1050329,4.2751514,,,,false,,,,false,
Argentijns Grill Restaurant Santos,Gevers Deynootplein,120,2586CP,'s-Gravenhage,,52.1128035,4.2829112,https://www.santos.nl/,,,false,,,,false,
Kaai 13,Dunne Bierkade,13,2512BC,'s-Gravenhage,,52.0735984,4.3157913,https://www.kaai-13.nl/,,,false,,,,false,
Sui Sha Ya,Zwolsestraat,1,2587TX,'s-Gravenhage,,52.1141774,4.2848373,https://suishaya.nl/,,,false,,,,false,
Rodizio Brazilian Grill,Gevers Deynootplein,125,2586CR,'s-Gravenhage,,52.1124904,4.2824430,https://www.rodizio.nl/,,,false,,,,false,
Toko Bali,Simon Carmiggelthof,21,2492JR,'s-Gravenhage,,52.0652447,4.4015342,,,,false,,,,false,
Soul Kitchen,Jaap Hoekdreef,60,2492JS,'s-Gravenhage,,52.0648143,4.4013783,,,,false,,,,false,
De Smulhoeve,Socrateslaan,73,2493ZV,'s-Gravenhage,,52.0617255,4.3986312,https://www.ipsedebruggen.nl/lunchcafe-de-smulhoeve,,,false,,,,false,
Yami yami,Jaap Hoekdreef,20,2492JS,'s-Gravenhage,,52.0650843,4.4013234,https://yami-yami.nl/,,,false,,,,false,
Karsten en Kuiper,,,,,,52.0811066,4.2912619,,,,false,,,,false,
Coast Fish,Stevinstraat,126a,2587ER,'s-Gravenhage,,52.1104766,4.2899022,,,,false,,,,false,
Poetri Ajoe,Van Boetzelaerlaan,134,2581AX,'s-Gravenhage,,52.0914051,4.2706672,,,,false,,,,false,
Laartje,Antonie Duyckstraat,141,2582TH,'s-Gravenhage,,52.0923746,4.2749221,,,,false,,,,false,
De Pier Pannenkoeken,Strandweg,154,2586JW,'s-Gravenhage,,52.1177228,4.2798491,,,,false,,,,false,
Grand Café Restaurant Westewind,Strandweg,15,2586JK,'s-Gravenhage,NL,52.1130898,4.2806397,https://westewind.nl/,,,false,,,,false,
Zilt,Strandweg,150,2586JW,'s-Gravenhage,,52.1170319,4.2794429,https://www.ziltopdepier.nl/,,,false,,,,false,
Isola Sardegna,Keizerstraat,18,2584BJ,'s-Gravenhage,,52.1063576,4.2735382,,,,false,,,,false,
O Sole Mio,Stevinstraat,204,2587EV,'s-Gravenhage,,52.1110994,4.2926111,https://osolemiodenhaag.nl/,,,false,,,,false,
Gastrovino La Liguria,Kranenburgweg,201,2583ER,'s-Gravenhage,,52.0956232,4.2611261,https://www.gastrovinolaliguria.nl/scheveningen/nl/,,,false,,,,false,
Hudson Bar & Kitchen,Aert van der Goesstraat,21,2582AH,'s-Gravenhage,,52.0881048,4.2766946,,,,false,,,,false,
Grand Café Restaurant Vitesse,Strandweg,19,2586JK,'s-Gravenhage,NL,52.1132862,4.2809335,https://www.vitesse-scheveningen.nl/,,,false,,,,false,
't Pannekoekenhuisje Scheveningen,Strandweg,17,2586JK,'s-Gravenhage,NL,52.1131896,4.2807890,https://hetpannekoekenhuisje.nl/,,,false,,,,false,
New World,Dr. Lelykade,220C,2583CP,'s-Gravenhage,,52.0948748,4.2659603,https://www.newworld-denhaag.nl/,,,false,,,,false,
Toko Manisan,Frederik Hendriklaan,250,2582BM,'s-Gravenhage,,52.0900213,4.2748034,,,,false,,,,false,
Sgroppino Ristorante,Jacob Gillesstraat,21,2582XW,'s-Gravenhage,,52.0872210,4.2749004,https://sgroppino-ristorante.nl/,,,false,,,,false,
Grand Café Restaurant Binnen,Strandweg,29A,2586JK,'s-Gravenhage,NL,52.1136815,4.2814975,,,,false,,,,false,
Bombay Palace,Gevers Deynootstraat,16,2586HT,'s-Gravenhage,,52.1137403,4.2865402,https://bombay-palace.nl/,,,false,,,,false,
De Kleine Staat,Statenlaan,38K,2582GN,'s-Gravenhage,,52.0924783,4.2762218,,,,false,,,,false,
Today,Aert van der Goesstraat,42,2582AL,'s-Gravenhage,,52.0879990,4.2774738,,,,false,,,,false,
Elaichi,Aert van der Goesstraat,43,2582AJ,'s-Gravenhage,,52.0878198,4.2772193,,,,false,,,,false,
De Javaan,Aert van der Goesstraat,45,2582AJ,'s-Gravenhage,,52.0877989,4.2772880,,,,false,,,,false,
Walong,Frederik Hendriklaan,286,2582BN,'s-Gravenhage,,52.0894221,4.2751328,https://www.restaurantwalong.nl/,,,false,,,,false,
Encore by Simonis,Dr. Lelykade,5,2583CL,'s-Gravenhage,,52.0955967,4.2664288,https://www.simonisvis.nl/vestigingen/encore-by-simonis,,,false,,,,false,
Vincenzo's,Willem de Zwijgerlaan,46A,2582ER,'s-Gravenhage,,52.0906057,4.2738038,https://vincenzos.nl/,,,false,,,,false,
Restaurant Cru,Badhuisstraat,230,2584HN,'s-Gravenhage,,52.1033161,4.2793209,https://restaurantcru.nl/cru/,,,false,,,,false,
Tasty,Frederik Hendriklaan,58,2582BD,'s-Gravenhage,,52.0947239,4.2776884,,,,false,,,,false,
"Restaurant ""De Dis""",Badhuisstraat,6,2584HK,'s-Gravenhage,,52.1059737,4.2794440,,,,false,,,,false,
Wok & Chinese Mix,Keizerstraat,75,2584BC,'s-Gravenhage,,52.1058099,4.2739939,,,,false,,,,false,
Grillroom Miami beach,Zeekant,84,2586JA,'s-Gravenhage,,52.1147843,4.2848499,,,,false,,,,false,
La Bruschetta,Aert van der Goesstraat,9,2582AH,'s-Gravenhage,,52.0882331,4.2764465,,,,false,,,,false,
Kyoju,Plesmanlaan,178,2497CC,'s-Gravenhage,,52.0401687,4.3680829,,,,false,,,,false,
La Galleria,Strandweg,51,2586JL,'s-Gravenhage,,52.1144535,4.2823971,https://www.lagalleria.nl/la-galleria-boulevard-scheveningen/,,,false,,,,false,
Corfu,Plesmanlaan,184,2497CC,'s-Gravenhage,,52.0402621,4.3682274,https://www.corfuypenburg.nl/,,,false,,,,false,
Gusto di Italb,Brigantijnlaan,9,2496ZR,'s-Gravenhage,,52.0535062,4.3867940,https://www.gustodiitalb.nl/,,,false,,,,false,
Eetcafe De Maatschappij,Keizerstraat,67,2584BC,'s-Gravenhage,,52.1060935,4.2736550,https://demaatschappij.nl/,,,false,,,,false,
Yami yami,Plesmanlaan,186,2497CC,'s-Gravenhage,,52.0403152,4.3683159,https://yami-yami.nl/,,,false,,,,false,
Sallo's,Moezel,1A,2491CV,'s-Gravenhage,,52.0653016,4.3858051,https://sallos.nl/,,,false,,,,false,
Basaal,Dunne Bierkade,3,2512BC,'s-Gravenhage,,52.0737408,4.3161906,https://www.restaurantbasaal.nl/,,,false,,,,false,
El Barrio tapas,Uilebomen,,,'s-Gravenhage,,52.0753522,4.3208710,,,,false,,,,false,
Trattoria Ferron,Oostduinlaan,127,2596JK,'s-Gravenhage,,52.0977021,4.3112389,,,,false,,,,false,
Lunchroom Royal Corner,Van Hogenhoucklaan,146,2596TJ,'s-Gravenhage,,52.1012973,4.3144684,https://www.royalcorner.nl/,,,false,,,,false,
Runners,Van Hogenhoucklaan,168,2596TJ,'s-Gravenhage,,52.1015409,4.3142115,https://restaurantrunners.nl/,,,false,,,,false,
Brasserie Le Quartier,Van Hoytemastraat,43,2596EN,'s-Gravenhage,,52.0923878,4.3253168,,,,false,,,,false,
Cucina Di Casa,Paul Gabriëlstraat,60,2596VG,'s-Gravenhage,,52.0932800,4.3238544,https://cucinadicasa.nl/,,,false,,,,false,
Donato Delicatessen,Van Hoytemastraat,22A,2596ER,'s-Gravenhage,,52.0918499,4.3251510,https://donatodelicatessen.nl/,,,false,,,,false,
Eten bij Werelds,Bierkade,16A,2512AB,'s-Gravenhage,,52.0748422,4.3187715,https://etenbijwerelds.nl/,,,false,,,,false,
La Luna,Weissenbruchstraat,79,2596GC,'s-Gravenhage,,52.0900520,4.3203108,https://www.ristorantelaluna.nl/,,,false,,,,false,
Bij Mauce,Theresiastraat,14,2593AN,'s-Gravenhage,,52.0837088,4.3309764,https://bijmauce.nl/,,,false,,,,false,
Baardman,Theresiastraat,18A,2593AN,'s-Gravenhage,,52.0838417,4.3312996,,,,false,,,,false,
De Coterie,Theresiastraat,37,2593AA,'s-Gravenhage,,52.0831622,4.3305795,https://www.decoterie.nl/,,,false,,,,false,
La Vina,Theresiastraat,39,2593AA,'s-Gravenhage,,52.0832071,4.3306806,https://lavina.nl/,,,false,,,,false,
Het Pleidooi,Adelheidstraat,87A,2595EC,'s-Gravenhage,,52.0829938,4.3314378,https://hetpleidooi.nl/,,,false,,,,false,
JR's Cuisine,3e Louise de Colignystraat,155;161,2595SP,'s-Gravenhage,,52.0813619,4.3421998,https://jrcuisine.nl/,,,false,,,,false,
Tabasco,Theresiastraat,12,2593AN,'s-Gravenhage,,52.0835400,4.3307191,https://tabascohapjesbar.nl/,,,false,,,,false,
Pizzeria Toscana,3e Louise de Colignystraat,159,2595SP,'s-Gravenhage,,52.0813491,4.3423121,https://pizzatoscana.nl/,,,false,,,,false,
Donato Ristorante Pizzeria,Bezuidenhoutseweg,116,2594AZ,'s-Gravenhage,,52.0868941,4.3330638,https://donatoristorante.nl/,,,false,,,,false,
Bon Vivant,Laan van Nieuw-Oost-Indië,9A,2593BH,'s-Gravenhage,,52.0873152,4.3355064,https://www.restaurantbonvivant.nl/,,,false,,,,false,
BLT,Theresiastraat,15,2593AA,'s-Gravenhage,,52.0830837,4.3304387,https://blt-food.nl/,,,false,,,,false,
Paviljoen Kobus,Trekweg,121,2516SB,'s-Gravenhage,,52.0670858,4.3338031,,,,false,,,,false,
Mevlanam,Wenckebachstraat,2-BIS,2522CL,'s-Gravenhage,,52.0627839,4.3334164,,,,false,,,,false,
Café-restaurant Pan,2e Louise de Colignystraat,53,2595SM,'s-Gravenhage,,52.0815812,4.3377630,https://www.cafepan.nl/,,,false,,,,false,
Karczma Polski Stól,Rijswijkseweg,369,2516HJ,'s-Gravenhage,NL,52.0613176,4.3331662,,,,false,,,,false,
Navagio,Lorentzplein,1,2522EA,'s-Gravenhage,,52.0612628,4.3279012,,,,false,,,,false,
Thessaloniki,Van Musschenbroekstraat,259,2522AN,'s-Gravenhage,,52.0613782,4.3279666,,,,false,,,,false,
Cleopatra,Goeverneurlaan,155,2523BD,'s-Gravenhage,,52.0598958,4.3250065,,,,false,,,,false,
Lasanie,Rijswijkseweg,331,2516HG,'s-Gravenhage,,52.0617477,4.3327638,https://lasanie.nl/,,,false,,,,false,
Foe City,Willem Royaardsplein,20,2597GS,'s-Gravenhage,,52.1045818,4.3247542,,,,false,,,,false,
Sapore di Mare,Hildebrandstraat,145,2524VG,'s-Gravenhage,,52.0562147,4.3124985,,,,false,,,,false,
Aleppo Castle,Goeverneurplein,4,2523EA,'s-Gravenhage,,52.0560635,4.3140170,,,,false,,,,false,
Camp David,Jonckbloetplein,9,2523AR,'s-Gravenhage,,52.0590258,4.3218495,https://www.restaurantcampdavidden.nl/foodticket/,,,false,,,,false,
Bolu Dağı Restaurant,Goeverneurlaan,469,2523CC,'s-Gravenhage,,52.0575578,4.3184603,,,,false,,,,false,
Diwan Restaurant,Goeverneurlaan,655,2523CJ,'s-Gravenhage,,52.0561739,4.3146425,,,,false,,,,false,
Mekar Sari,Tarwekamp,11,2592XG,'s-Gravenhage,,52.0886038,4.3532035,,,,false,,,,false,
Toko Djadi,Laan van Nieuw-Oost-Indië,110,2593BZ,'s-Gravenhage,,52.0851872,4.3386283,https://www.tokodjadi.nl/,,,false,,,,false,
Toko Si-Pentje,Merkusstraat,196,2593TR,'s-Gravenhage,,52.0887500,4.3438511,http://www.tokosi-pentje.nl/,,,false,,,,false,
Roberto's eten en drinken,Theresiastraat,250,2593AW,'s-Gravenhage,,52.0870223,4.3385689,https://www.robertosetenendrinken.nl/,,,false,,,,false,
It's all Greek 2 me,Laan van Nieuw-Oost-Indië,276,2593CE,'s-Gravenhage,,52.0814238,4.3429731,https://www.itsallgreek2me.nl/,,,false,,,,false,
Harput,Theresiastraat,208,2593AV,'s-Gravenhage,,52.0867068,4.3378795,https://harput.nl/den-haag/,,,false,,,,false,
Restaurant Christian,IJsclubweg,111,2593HH,'s-Gravenhage,,52.0844088,4.3508615,https://nieuweveenmolen.nl/,,,false,,,,false,
Pizzeria Taormina,Stuyvesantstraat,33,2593GA,'s-Gravenhage,,52.0819476,4.3429334,https://www.pizzeriataormina.nl/foodticket/,,,false,,,,false,
Golden Palace,Theresiastraat,358,2593AZ,'s-Gravenhage,,52.0885704,4.3419385,,,,false,,,,false,
Lin Tong,Goeverneurlaan,678,2523CS,'s-Gravenhage,,52.0560845,4.3153518,,,,false,,,,false,
Wen Wah,Het Kleine Loo,192,2592CK,'s-Gravenhage,,52.0916438,4.3568849,,,,false,,,,false,
DaMoer,Assumburgweg,2,2531RX,'s-Gravenhage,,52.0543013,4.3079149,,,,false,,,,false,
Damas,Goeverneurlaan,702,2523CS,'s-Gravenhage,,52.0559520,4.3149692,http://damasrestaurant.nl/,,,false,,,,false,
Loetje,Saturnusstraat,100,2516AH,'s-Gravenhage,,52.0647113,4.3453654,,,,false,,,,false,
Restaurant Leeuwenbergh,Elzenlaan,31,2495AZ,'s-Gravenhage,,52.0574152,4.3631529,https://restaurantleeuwenbergh.nl/,,,false,,,,false,
De Kleine Prins,Bagijnestraat,1,2511CK,'s-Gravenhage,,52.0784954,4.3148395,,,,false,,,,false,
Tandr,Turfmarkt,10,2511CA,'s-Gravenhage,,52.0776968,4.3176090,https://www.tandr.nl/,,,false,,,,false,
Salsa shop,Rijnstraat,10C,2515XP,'s-Gravenhage,,52.0800537,4.3228720,,,,false,,,,false,
Takoyaki Kindako,Lange Poten,1,2511CL,'s-Gravenhage,,52.0784475,4.3140687,https://kindako.nl/,,,false,,,,false,
Phonsawan,Fluwelen Burgwal,11C,2511CH,'s-Gravenhage,,52.0794662,4.3183431,https://phonsawan.nl/,,,false,,,,false,
Pinocchio,Korte Poten,12,2511ED,'s-Gravenhage,,52.0798782,4.3171142,https://pinocchiodenhaag.nl/,,,false,,,,false,
Het Kookplein,Muzenplein,121,2511GK,'s-Gravenhage,,52.0794284,4.3199154,http://www.kookplein.nl/,,,false,,,,false,
Bibimbap,Fluwelen Burgwal,14,2511CJ,'s-Gravenhage,,52.0799152,4.3185933,,,,false,,,,false,
Moya Tapas Club,Plein,13;14,2511CR,'s-Gravenhage,,52.0797244,4.3167160,https://www.moyatapasclub.nl/,,,false,,,,false,
Vulcan,Muzenplein,135,2511GK,'s-Gravenhage,,52.0792731,4.3198720,https://vulcanrestaurant.nl/,,,false,,,,false,
Cloos,Plein,12,2511CR,'s-Gravenhage,,52.0795434,4.3165932,https://www.eetcafecloos.nl/,,,false,,,,false,
King David,Herenstraat,24,2511EA,'s-Gravenhage,,52.0804845,4.3177446,https://www.kingdavidsteakhouse.nl/foodticket/,,,false,,,,false,
Hofhouse,Rijnstraat,10,2515XP,'s-Gravenhage,,52.0796079,4.3229142,https://hofhouse.nl/,,,false,,,,false,
Takumi Ramen,Herengracht,12A,2511EH,'s-Gravenhage,,52.0806536,4.3185331,https://takumiramennoodles.com/nl/denhaag-herengracht/,,,false,,,,false,
D'Javas,Muzenplein,149,2511GK,'s-Gravenhage,,52.0791847,4.3197382,https://www.djavas.nl/,,,false,,,,false,
The Hangout,Korte Houtstraat,14C,2511CD,'s-Gravenhage,,52.0791130,4.3171968,,,,false,,,,false,
Barlow,Plein,15;16,2511CR,'s-Gravenhage,,52.0798606,4.3166065,https://www.barlowdenhaag.nl/,,,false,,,,false,
Schlemmer,Lange Houtstraat,17,2511CV,'s-Gravenhage,,52.0814326,4.3154736,https://schlemmer.nl/,,,false,,,,false,
Sumo,Herengracht,2,2511EH,'s-Gravenhage,,52.0805193,4.3182143,https://www.restaurantsumo.com/sumo-sushi-den-haag/,,,false,,,,false,
Kafe Kafka,Turfmarkt,2,2511CA,'s-Gravenhage,,52.0774443,4.3170862,,,,false,,,,false,
Poké perfect,Turfmarkt,224,2511DJ,'s-Gravenhage,,52.0791896,4.3207160,,,,false,,,,false,
Casa Argentina,Korte Houtstraat,14M,2511CD,'s-Gravenhage,,52.0790466,4.3172614,https://casa-argentina.nl/,,,false,,,,false,
Seafood Bar 19,Plein,19,2511CS,'s-Gravenhage,,52.0800777,4.3164466,https://bar-19.nl/,,,false,,,,false,
Xi'an Delicious Foods,Lange Poten,25,2511CM,'s-Gravenhage,,52.0788436,4.3149835,,,,false,,,,false,
Geonbae Sojubar,Lange Houtstraat,25,2511CV,'s-Gravenhage,,52.0817231,4.3151656,https://geonbaesojubar.com/,,,false,,,,false,
Amazing Taste,Fluwelen Burgwal,2,2511CJ,'s-Gravenhage,,52.0801753,4.3185396,https://amazingtaste.eu/,,,false,,,,false,
Al Hayat,Fluwelen Burgwal,3,2511CH,'s-Gravenhage,,52.0796410,4.3183410,https://www.restaurantalhayat.nl/,,,false,,,,false,
August,Turfmarkt,250,2511DJ,'s-Gravenhage,,52.0796553,4.3216880,https://www.august.nl/,,,false,,,,false,
Amier,Korte Poten,28A,2511EE,'s-Gravenhage,,52.0800990,4.3176372,https://amierrestaurant.nl/,,,false,,,,false,
Grill N Spice,Herengracht,38,2511EJ,'s-Gravenhage,,52.0809206,4.3191647,https://www.grillnspice.nl/,,,false,,,,false,
Athene Palace,Kalvermarkt,42,2511CB,'s-Gravenhage,,52.0787126,4.3179863,https://www.athenepalace.nl/,,,false,,,,false,
de Basiliek,Korte Houtstraat,4A,2511CD,'s-Gravenhage,,52.0793965,4.3169166,https://www.debasiliek.nl/,,,false,,,,false,
Bistro Catch-up,Lange Houtstraat,3,2511CV,'s-Gravenhage,,52.0806796,4.3160067,https://bistrocatchup.nl/,,,false,,,,false,
Baryo Pilipinas,Fluwelen Burgwal,51,2511CH,'s-Gravenhage,,52.0790232,4.3183818,,,,false,,,,false,
Ravioli Brothers,Herengracht,54,2511EJ,'s-Gravenhage,,52.0811698,4.3197420,,,,false,,,,false,
Maydonoz Döner,Plein,3A,2511CR,'s-Gravenhage,,52.0791579,4.3156990,https://maydonozdoner.com/,,,false,,,,false,
Ramen Kitanoya,Bagijnestraat,6,2511CK,'s-Gravenhage,,52.0784704,4.3150119,https://ramenkitanoya.wordpress.com/,,,false,,,,false,
I love Sushi,Herengracht,40,2511EJ,'s-Gravenhage,,52.0809484,4.3192521,https://ilovesushi.simplywebshop.nl/store/ILoveSushi%20Den%20Haag,,,false,,,,false,
Kitchen Susan,Spui,6,2511BS,'s-Gravenhage,,52.0782968,4.3142173,https://kitchensusan.nl/,,,false,,,,false,
Seoul Garden,Bagijnestraat,8,2511CK,'s-Gravenhage,,52.0784286,4.3150472,,,,false,,,,false,
Bleyenberg,Grote Markt,10,2511BG,'s-Gravenhage,,52.0751773,4.3089048,https://www.bleyenbergdenhaag.nl/,,,false,,,,false,
Da Long Yi,Wagenstraat,100,2512AZ,'s-Gravenhage,,52.0749510,4.3144809,https://denhaagdalongyi.nl/,,,false,,,,false,
Atithi Indian Restaurant,Herengracht,7,2511EG,'s-Gravenhage,,52.0804993,4.3188987,https://atithi.nl/den-haag/,,,false,,,,false,
Erena Restaurant,Wagenstraat,128A,2512BA,'s-Gravenhage,,52.0743733,4.3158100,,,,false,,,,false,
Ritos,Korte Poten,63,2511EC,'s-Gravenhage,,52.0802459,4.3182322,https://ritosnederland.nl/the-hague/,,,false,,,,false,
La Isla Caribeña,Amsterdamse Veerkade,10B,2512AJ,'s-Gravenhage,,52.0749232,4.3154285,https://la-isla-caribena.nl/,,,false,,,,false,
New Taste Da Dong Bei,Wagenstraat,135A,2512AT,'s-Gravenhage,,52.0746216,4.3147840,https://www.newtastedadongbei.nl/,,,false,,,,false,
Pamir Uyghur Restaurant,Boekhorststraat,143A,2512CN,'s-Gravenhage,,52.0726036,4.3107893,,,,false,,,,false,
Kantoor 1643,Prinsegracht,14,2512GA,'s-Gravenhage,,52.0746938,4.3074805,https://kantoor1643.com/,,,false,,,,false,
Seoulful,Wagenstraat,146A,2512BA,'s-Gravenhage,,52.0742947,4.3162494,,,,false,,,,false,
Kopi Kopi,Korte Houtstraat,8A,2511CD,'s-Gravenhage,,52.0793100,4.3170046,https://kopikopi.nl/,,,false,,,,false,
Mystery,Wagenstraat,150A,2512BA,'s-Gravenhage,,52.0743727,4.3163771,,,,false,,,,false,
Taste of India,Wagenstraat,177,2512AW,'s-Gravenhage,,52.0740877,4.3160092,,,,false,,,,false,
L'Osteria,Grote Markt,16,2511BG,'s-Gravenhage,,52.0752611,4.3091064,https://losteria.net/nl/restaurants/restaurant/den-haag/,,,false,,,,false,
Irodion,Grote Markt,19,2511BG,'s-Gravenhage,,52.0753528,4.3093998,,,,false,,,,false,
Tako,Wagenstraat,190,2512BB,'s-Gravenhage,,52.0740835,4.3168667,,,,false,,,,false,
De Kade,Dunne Bierkade,1A,2512BC,'s-Gravenhage,,52.0738400,4.3163782,,,,false,,,,false,
Pavlov,Spui,173,2511BM,'s-Gravenhage,,52.0768001,4.3161220,https://pavlov-denhaag.nl/,,,false,,,,false,
Praboemoelih,Spui,235A,2511BP,'s-Gravenhage,,52.0756595,4.3183328,,,,false,,,,false,
Little V,Rabbijn Maarsenplein,21,2512HJ,'s-Gravenhage,,52.0756809,4.3143733,https://littlev.nl/,,,false,,,,false,
Kimchi House,Rabbijn Maarsenplein,22,2512HJ,'s-Gravenhage,,52.0756117,4.3144720,https://kimchi-house.nl/,,,false,,,,false,
Hot King,Gedempte Burgwal,24,2512BV,'s-Gravenhage,,52.0750246,4.3116804,https://hotking.nl/,,,false,,,,false,
Fat Kee,Gedempte Gracht,23,2512AK,'s-Gravenhage,,52.0759541,4.3134348,https://www.fatkee-restaurant.nl/,,,false,,,,false,
Songkhla,Gedempte Burgwal,2F,2512BT,'s-Gravenhage,,52.0755743,4.3126874,https://www.songkhla.nl/foodticket/,,,false,,,,false,
Takumi Ramen,Gedempte Gracht,319,2512AM,'s-Gravenhage,,52.0761665,4.3138831,https://www.takumiramennoodles.com/,,,false,,,,false,
Ethica,Dunne Bierkade,35,2512BD,'s-Gravenhage,,52.0730653,4.3142341,,,,false,,,,false,
Noord-oost Chinees Eethuis,Gedempte Burgwal,36,2512BV,'s-Gravenhage,,52.0747555,4.3112152,https://noordoost.jouwweb.nl/,,,false,,,,false,
Miladi Tarim,Gedempte Burgwal,4,2512BT,'s-Gravenhage,,52.0755201,4.3125885,https://www.miladi-tarim-uyghur-restaurant-den-haag.nl/,,,false,,,,false,
Ariba,Amsterdamse Veerkade,45A,2512AH,'s-Gravenhage,,52.0755124,4.3172177,,,,false,,,,false,
Simonis in de Stad,Gedempte Gracht,405H,2512AM,'s-Gravenhage,,52.0764502,4.3145081,https://www.simonisvis.nl/vestigingen/in-de-stad,,,false,,,,false,
Red Beans,Wagenstraat,61,2512AP,'s-Gravenhage,,52.0758875,4.3123862,,,,false,,,,false,
Don Don Sushi,Gedempte Gracht,405G,2512AM,'s-Gravenhage,,52.0763494,4.3146448,https://www.dondonsushi.com/,,,false,,,,false,
Bumbu Jawa,Wagenstraat,63,2512AP,'s-Gravenhage,,52.0757727,4.3125714,https://www.bumbujawa.nl/,,,false,,,,false,
Viet Street,Gedempte Gracht,64,2512KB,'s-Gravenhage,,52.0766722,4.3145765,https://www.vietstreet.nl/,,,false,,,,false,
Istana,Wagenstraat,71,2512AR,'s-Gravenhage,,52.0755702,4.3130470,,,,false,,,,false,
Asian Street Food by Momiji,Wagenstraat,69,2512AR,'s-Gravenhage,,52.0756004,4.3129951,https://momiji-asianstreetfood.nl/nl,,,false,,,,false,
De Boomhuttenclub,Boekhorststraat,47,2512CM,'s-Gravenhage,,52.0737101,4.3097719,https://www.deboomhuttenclub.nl/,,,false,,,,false,
Burgers voor burgers,Wagenstraat,59A,2512AP,'s-Gravenhage,,52.0759183,4.3123142,https://www.burgers-voor-burgers.nl/foodticket/,,,false,,,,false,
Full Moon City,Achter Raamstraat,75,2512BW,'s-Gravenhage,,52.0753242,4.3117042,https://fullmooncity.nl/,,,false,,,,false,
Unknown,Wagenstraat,77A,2512AR,'s-Gravenhage,,52.0754776,4.3132104,,,,false,,,,false,
Fat Phill's Diner,Gedempte Gracht,78,2512KB,'s-Gravenhage,,52.0768737,4.3149820,https://fatphillsdiner.com/,,,false,,,,false,
Will's Pancake House,Gedempte Gracht,80,2512KB,'s-Gravenhage,,52.0769217,4.3150830,,,,false,,,,false,
Kee Lun Palace,Wagenstraat,95,2512AS,'s-Gravenhage,,52.0753177,4.3134699,,,,false,,,,false,
Thai Signature,Prinsestraat,106,2513CH,'s-Gravenhage,,52.0796989,4.3042686,,,,false,,,,false,
Jamey Benett,Plaats,11,2513AD,'s-Gravenhage,,52.0796254,4.3092481,,,,false,,,,false,
Echt Squisito,Noordeinde,111,2514GE,'s-Gravenhage,,52.0829977,4.3051442,,,,false,,,,false,
Full Moon Express,Gedempte Burgwal,41,2512BS,'s-Gravenhage,,52.0752372,4.3116737,https://fullmoonexpress.nl/en/home,,,false,,,,false,
Restaurant Kairo,Prinsestraat,116,2513CH,'s-Gravenhage,,52.0798436,4.3041086,,,,false,,,,false,
Ramna,Molenstraat,12,2513BK,'s-Gravenhage,,52.0800114,4.3070466,,,,false,,,,false,
Saravanaa Bhavan,Noordeinde,123,2514GG,'s-Gravenhage,,52.0832161,4.3049011,,,,false,,,,false,
Aregash,Amsterdamse Veerkade,8,2512AJ,'s-Gravenhage,,52.0748630,4.3153226,https://www.thefork.com/restaurant/aregash-ethiopisch-r825150,,,false,,,,false,
't Goude Hooft,Dagelijkse Groenmarkt,13,2513AL,'s-Gravenhage,,52.0782017,4.3089022,https://tgoudehooft.nl/en/restaurant/,,,false,,,,false,
Giuliano's,Schoolstraat,13,2511AW,'s-Gravenhage,,52.0767826,4.3078914,,,,false,,,,false,
Knossos,Kerkplein,1,2513AZ,'s-Gravenhage,,52.0780641,4.3076465,https://knossosdenhaag.nl/,,,false,,,,false,
Share,Noordeinde,139A,2514GG,'s-Gravenhage,,52.0833656,4.3047454,,,,false,,,,false,
Los Argentinos,Kettingstraat,14,2511AN,'s-Gravenhage,,52.0780769,4.3100739,,,,false,,,,false,
La Patrona,Noordeinde,138A,2514GP,'s-Gravenhage,,52.0822597,4.3057036,https://www.lapatrona.nl/,,,false,,,,false,
Nero,Noordeinde,143,2514GG,'s-Gravenhage,,52.0834409,4.3046612,,,,false,,,,false,
Angie’s Kitchen,Noordeinde,148;148A,2514GP,'s-Gravenhage,,52.0826477,4.3052850,https://angies-kitchen.nl/,,,false,,,,false,
Milú,Driehoekjes,15,2513AZ,'s-Gravenhage,,52.0783097,4.3077645,https://restaurantmilu.com/,,,false,,,,false,
La Storia,Kettingstraat,1B,2511AL,'s-Gravenhage,,52.0776170,4.3100803,,,,false,,,,false,
Bij Hem,Molenstraat,21A,2513BH,'s-Gravenhage,,52.0799978,4.3067520,,,,false,,,,false,
Trattoria Da Gianni,Noordeinde,190A,2514GR,'s-Gravenhage,,52.0833058,4.3046014,https://www.trattoriadagianni.nl/,,,false,,,,false,
Loetje,Haagsche Bluf,23,2511CN,'s-Gravenhage,,52.0772714,4.3090906,https://www.loetje.nl/nl/locaties/den-haag/,,,false,,,,false,
Jimmy's Broodje,Scheveningseveer,1 - 3;1,2514HB,'s-Gravenhage,,52.0836901,4.3045926,http://www.jimmysbroodje.nl/,,,false,,,,false,
Vegan Pizza Bar,Molenstraat,15,2513BH,'s-Gravenhage,,52.0800751,4.3069487,https://www.veganpizzabar.com/den-haag,,,false,,,,false,
Argentina,Schoolstraat,15,2511AW,'s-Gravenhage,,52.0767250,4.3079401,,,,false,,,,false,
De Poentjak,Kneuterdijk,16,2514EN,'s-Gravenhage,,52.0808715,4.3087984,,,,false,,,,false,
Sam Sam,Noordeinde,162,2514GR,'s-Gravenhage,,52.0830566,4.3048825,,,,false,,,,false,
Himalayan,Gortstraat,16A,2511AP,'s-Gravenhage,,52.0773763,4.3105149,,,,false,,,,false,
Bøg,Prinsestraat,128B;128A,2513CH,'s-Gravenhage,,52.0799872,4.3039393,https://xn--bg-lka.com/en/hjem-2/,,,false,,,,false,
Momfer De Mol,Oude Molstraat,19,2513BA,'s-Gravenhage,,52.0790543,4.3073705,,,,false,,,,false,
Havana,Buitenhof,19,2513AG,'s-Gravenhage,,52.0784976,4.3106724,https://havanadenhaag.nl/,,,false,,,,false,
Garuda,Kneuterdijk,18A,2514EN,'s-Gravenhage,,52.0809855,4.3086986,https://www.garuda-denhaag.nl/,,,false,,,,false,
Pizza or Pasta,Stationsweg,138A,2515BS,'s-Gravenhage,,52.0713751,4.3210504,,,,false,,,,false,
Irawaddy,Spui,202,2511BX,'s-Gravenhage,,52.0758042,4.3187296,,,,false,,,,false,
Ahmet Usta,Stationsweg,172,2515BS,'s-Gravenhage,,52.0709091,4.3216058,https://www.ahmetusta.nl/,,,false,,,,false,
Ñ,Nobelstraat,22,2513BD,'s-Gravenhage,,52.0782363,4.3056173,https://restaurant-n.nl/,,,false,,,,false,
Harper,Plaats,25,2513AD,'s-Gravenhage,,52.0796292,4.3097465,,,,false,,,,false,
Palmette,Plaats,27,2513AD,'s-Gravenhage,,52.0796395,4.3098557,,,,false,,,,false,
Peppish,Oude Molstraat,28,2513BB,'s-Gravenhage,,52.0791238,4.3071617,,,,false,,,,false,
Queru,Prinsestraat,30,2513CD,'s-Gravenhage,,52.0786162,4.3060335,https://www.cantinaqueru.com/,,,false,,,,false,
Ramsis,Schoolstraat,30,2511AX,'s-Gravenhage,,52.0762592,4.3085645,http://www.ramsisgrilldenhaag.nl/,,,false,,,,false,
Harpoon,Oude Molstraat,30B,2513BB,'s-Gravenhage,,52.0792002,4.3070646,,,,false,,,,false,
De Pizzabakkers,Dagelijkse Groenmarkt,31,2513AL,'s-Gravenhage,,52.0775977,4.3084874,,,,false,,,,false,
Restaurant Harpoon,Oude Molstraat,30D,2513BB,'s-Gravenhage,,52.0792001,4.3070645,https://www.restaurantharpoon.nl/,,,false,,,,false,
Waroeng Padang Lapek,Schoolstraat,35,2511AW,'s-Gravenhage,,52.0762802,4.3083837,,,,false,,,,false,
La Lanterna,Dagelijkse Groenmarkt,36,2513AL,'s-Gravenhage,,52.0773506,4.3080362,,,,false,,,,false,
Set,Schoolstraat,4,2511AX,'s-Gravenhage,,52.0768317,4.3079752,,,,false,,,,false,
Meram Street Food,Vlamingstraat,40,2511BB,'s-Gravenhage,,52.0761178,4.3089579,,,,false,,,,false,
Zheng,Prinsestraat,33,2513CA,'s-Gravenhage,,52.0787602,4.3060842,https://restaurantzheng.com/,,,false,,,,false,
Oni,Prinsestraat,35,2513CA,'s-Gravenhage,,52.0787955,4.3060133,https://oni-restaurant.nl/,,,false,,,,false,
Gauchos,Oude Molstraat,46,2513BB,'s-Gravenhage,,52.0797428,4.3065226,,,,false,,,,false,
Saludable Taqueria,Molenstraat,42,2513BL,'s-Gravenhage,,52.0796040,4.3058434,https://saludable.nl/,,,false,,,,false,
Brasserie 't Ogenblik,Molenstraat,4C,2513BK,'s-Gravenhage,,52.0801862,4.3074634,https://t-ogenblik.nl/,,,false,,,,false,
Deluca,Passage,5;7,2511AB,'s-Gravenhage,,52.0782101,4.3103648,https://www.de-luca.nl/,,,false,,,,false,
Bistro Pomona,Molenstraat,52,2513BL,'s-Gravenhage,,52.0794445,4.3053242,,,,false,,,,false,
BY AMI,Prinsestraat,5A,2513CA,'s-Gravenhage,,52.0782654,4.3071321,,,,false,,,,false,
El Basha,Laan,6,2512GM,'s-Gravenhage,,52.0759230,4.3081070,,,,false,,,,false,
Dayang,Prinsestraat,65,2513CB,'s-Gravenhage,,52.0795315,4.3047270,,,,false,,,,false,
Vapiano,Buitenhof,51,2513AH,'s-Gravenhage,,52.0788088,4.3096325,https://vapiano.nl/restaurant/vapiano-den-haag-buitenhof/,,,false,,,,false,
A Ora Pizza,Maziestraat,5A,2514GT,'s-Gravenhage,,52.0832709,4.3042404,https://www.aorapizza.nl/,,,false,,,,false,
Restaurant Mogogo,Prinsestraat,66,2513CE,'s-Gravenhage,,52.0790613,4.3051897,https://www.mogogo.nl/,,,false,,,,false,
Floc,Prinsestraat,42A,2513CE,'s-Gravenhage,,52.0787892,4.3056653,https://www.flocrestaurant.nl/,,,false,,,,false,
Tio Bigotes,Spuistraat,67,2511BC,'s-Gravenhage,,52.0780762,4.3132916,https://tiobigotes.nl/,,,false,,,,false,
Noh,Prinsestraat,77,2513CC,'s-Gravenhage,,52.0797100,4.3045073,,,,false,,,,false,
Ta'am Uyghur Restaurant,Raamstraat,7A,2512BX,'s-Gravenhage,,52.0761872,4.3097517,,,,false,,,,false,
Bakplaats,Grote Markt,8,2511BG,'s-Gravenhage,,52.0757087,4.3086340,,,,false,,,,false,
Taverna Ouzomezes,Maziestraat,8C,2514GT,'s-Gravenhage,,52.0831939,4.3042588,,,,false,,,,false,
Kua,Torenstraat,77,2513BP,'s-Gravenhage,,52.0788945,4.3043245,https://www.kuarestaurant.nl/,,,false,,,,false,
Shibuya,Kettingstraat,9,2511AL,'s-Gravenhage,,52.0777067,4.3104515,,,,false,,,,false,
Shakshuka,Prinsestraat,73A,2513CB,'s-Gravenhage,,52.0796398,4.3045908,https://www.shakshuka-denhaag.nl/,,,false,,,,false,
La Liguria,Noordeinde,97,2514GD,'s-Gravenhage,,52.0826691,4.3054857,,,,false,,,,false,
Bustan,Prinsestraat,99,2513CC,'s-Gravenhage,,52.0799571,4.3042365,,,,false,,,,false,
Ekmekci,Spuistraat,71,2511BC,'s-Gravenhage,,52.0781862,4.3135969,https://ekmekci.nl/den-haag/,,,false,,,,false,
Made In Sud,Molenstraat,9A,2513BH,'s-Gravenhage,,52.0801677,4.3072018,,,,false,,,,false,
Trio,Annastraat,9,2513AT,'s-Gravenhage,,52.0786443,4.3083333,https://www.trioeethuis.nl/,,,false,,,,false,
Goed Volck.,Hooistraat,1,2514BM,'s-Gravenhage,,52.0845350,4.3133063,https://www.goedvolck.nl/,,,false,,,,false,
Baladi,Torenstraat,95,2513BP,'s-Gravenhage,,52.0788304,4.3039354,https://www.baladionline.nl/,,,false,,,,false,
Maharani,Noordeinde,93,2514GD,'s-Gravenhage,,52.0825979,4.3055582,https://www.restaurantmaharani.nl/en/home/,,,false,,,,false,
Miter,Denneweg,120,2514CL,'s-Gravenhage,,52.0855898,4.3119639,,,,false,,,,false,
Fratelli,Tournooiveld,1,2511CX,'s-Gravenhage,,52.0815408,4.3133224,,,,false,,,,false,
San Telmo,Kazernestraat,116,2514CW,'s-Gravenhage,,52.0841238,4.3129764,https://www.santelmo.nl/,,,false,,,,false,
Meraklis,Hooikade,14A,2514BH,'s-Gravenhage,,52.0852666,4.3131847,https://www.meraklisdenhaag.nl/,,,false,,,,false,
Tapisco,Kneuterdijk,11,2514EM,'s-Gravenhage,,52.0809272,4.3094198,https://www.tapisco.nl/,,,false,,,,false,
La Tabla,Denneweg,41A,2514CD,'s-Gravenhage,,52.0856081,4.3121493,,,,false,,,,false,
The African Granary,Parkstraat,37,2514JD,'s-Gravenhage,,52.0827110,4.3085808,https://theafricangranary.nl/en,,,false,,,,false,
Wox,Lange Voorhout,51,2514EC,'s-Gravenhage,,52.0819976,4.3134173,,,,false,,,,false,
Limón,Denneweg,39A,2514CC,'s-Gravenhage,,52.0855512,4.3122057,https://www.limon.nl/,,,false,,,,false,
Mammamia Pizza,Denneweg,27,2514CC,'s-Gravenhage,,52.0853647,4.3123701,https://www.mammamiadenhaag.nl/,,,false,,,,false,
Vincenzo's Denneweg,Denneweg,134,2514CL,'s-Gravenhage,,52.0859917,4.3116602,https://vincenzos.nl/,,,false,,,,false,
Pizza Beppe,Denneweg,43A,2514CD,'s-Gravenhage,,52.0856374,4.3121245,https://www.pizzabeppe.nl/vestigingen/den-haag,,,false,,,,false,
Unknown,Mauritskade,79,2514HH,'s-Gravenhage,,52.0861976,4.3111466,,,,false,,,,false,
Bruschetta,Denneweg,57,2514CD,'s-Gravenhage,,52.0858366,4.3119771,https://labruschetta.co/,,,false,,,,false,
Jagertje,Jagerstraat,8,2514BZ,'s-Gravenhage,,52.0841547,4.3139606,,,,false,,,,false,
Cottontree City,Lange Voorhout,98,2514EJ,'s-Gravenhage,,52.0827655,4.3147754,https://www.cottontree.nl/,,,false,,,,false,
Oblique,Torenstraat,138,2513BW,'s-Gravenhage,,52.0783666,4.3043020,https://obliquerestaurant.nl/,,,false,,,,false,
Medi,Torenstraat,82,2513BT,'s-Gravenhage,,52.0775660,4.3057076,https://www.medirestaurantgroup.com/,,,false,,,,false,
Tanchi Viv,Spaarneplein,14,2515VK,'s-Gravenhage,,52.0738078,4.3268017,,,,false,,,,false,
Sequenza,Spui,224,2511BX,'s-Gravenhage,,52.0756211,4.3191507,,,,false,,,,false,
Hadramout Restaurant,Torenstraat,80,2513BT,'s-Gravenhage,,52.0775298,4.3058049,https://www.hadramout-yemen.nl/foodticket/,,,false,,,,false,
Krishna Vilas,Hooikade,56,2514BK,'s-Gravenhage,,52.0864025,4.3121244,https://krishnavilas.com/,,,false,,,,false,
Don Suerte,Pletterijkade,49B,2515SH,'s-Gravenhage,,52.0736223,4.3235213,,,,false,,,,false,
Lob's Restaurant,Denneweg,59,2514CD,'s-Gravenhage,,52.0858692,4.3119568,,,,false,,,,false,
Azucar Restaurant,Pletterijkade,29,2515SG,'s-Gravenhage,,52.0741821,4.3225272,https://www.azucar-restaurant.nl/,,,false,,,,false,
Restaurant La Rana,Stationsweg,44,2515BN,'s-Gravenhage,,52.0736720,4.3191546,,,,false,,,,false,
Kampong Express & Super Crepe,Stationsplein,5A,2515BT,'s-Gravenhage,,52.0698292,4.3203833,https://www.kampong-stationsplein.nl/,,,false,,,,false,
Reef Alyemen,Stationsweg,65,2515BJ,'s-Gravenhage,,52.0730795,4.3188623,,,,false,,,,false,
Chicko’s,Stationsweg,71,2515BJ,'s-Gravenhage,,52.0729526,4.3190008,,,,false,,,,false,
Phad Thai,Stationsplein,5,2515BT,'s-Gravenhage,,52.0698531,4.3204388,https://phad-thai.nl/,,,false,,,,false,
Armada,Hobbemastraat,188,2526JT,'s-Gravenhage,,52.0681491,4.3012125,,,,false,,,,false,
Al Diyafah,Hoefkade,796,2526CT,'s-Gravenhage,,52.0671187,4.3110918,,,,false,,,,false,
Meydan,Hobbemaplein,83,2526JD,'s-Gravenhage,,52.0668307,4.2981395,,,,false,,,,false,
Akdeniz,Snijdersstraat,93,2525BW,'s-Gravenhage,,52.0666624,4.2994200,,,,false,,,,false,
Lalezar,Hobbemaplein,97,2526JD,'s-Gravenhage,,52.0671892,4.2986308,,,,false,,,,false,
ByŞef,Van der Kunstraat,55,2521BA,'s-Gravenhage,,52.0655384,4.3190878,,,,false,,,,false,
Wokrestaurant Man's Garden,Laan van Wateringse Veld,70,2548CC,'s-Gravenhage,,52.0342366,4.2847215,https://www.mansgarden.nl/,,,false,,,,false,
Eethuis Marina Smir,Rijswijkseweg,280,2516ER,'s-Gravenhage,,52.0686744,4.3275680,https://www.eethuis-marina-smir-den-haag.nl/contact,,,false,,,,false,
Milos Grieks restaurant,Laan van Wateringse Veld,69,2548BK,'s-Gravenhage,,52.0340949,4.2840497,https://grieksrestaurantmilos.nl/,,,false,,,,false,
Nieuw Peking,Stationsplein,4B,2515BT,'s-Gravenhage,,52.0699089,4.3205670,https://nieuwpekingdenhaag.nl/,,,false,,,,false,
Saray,Schalk Burgerstraat,196,2572VD,'s-Gravenhage,,52.0631198,4.2936113,,,,false,,,,false,
Yemek Dunyasi,Herman Costerstraat,346,2571PL,'s-Gravenhage,,52.0647195,4.2983667,,,,false,,,,false,
Soeboer,Brouwersgracht,29,2512EP,'s-Gravenhage,,52.0730435,4.3055517,,,,false,,,,false,
Hanedan,Paul Krugerlaan,147,2571HD,'s-Gravenhage,,52.0690305,4.2886936,,,,false,,,,false,
Bab Mansour,Paul Krugerlaan,274,2571HS,'s-Gravenhage,,52.0683706,4.2935173,,,,false,,,,false,
Tadim Restaurant,Schalk Burgerstraat,40,2572TZ,'s-Gravenhage,,52.0679364,4.2937680,,,,false,,,,false,
Ates,Beijersstraat,64,2572BH,'s-Gravenhage,,52.0671506,4.2901582,,,,false,,,,false,
S'et,Dierenselaan,184,2573KN,'s-Gravenhage,,52.0660679,4.2835224,,,,false,,,,false,
Tian Tian,Apeldoornselaan,221,2573LJ,'s-Gravenhage,,52.0660779,4.2804557,,,,false,,,,false,
La Rey,De la Reyweg,247,2571EG,'s-Gravenhage,,52.0668626,4.2868425,,,,false,,,,false,
Taste of India,Zuiderparklaan,131,2574HD,'s-Gravenhage,,52.0670362,4.2774940,,,,false,,,,false,
Bogor,Chasséstraat,15,,'s-Gravenhage,NL,52.0786379,4.2903125,,,,false,,,,false,
La Tavola,Valeriusstraat,81,2517HP,'s-Gravenhage,,52.0861688,4.2791811,,,,false,,,,false,
Nefeli Deli,Valeriusstraat,88,2517HT,'s-Gravenhage,,52.0859558,4.2787638,,,,false,,,,false,
Indisch Geluk,2e Sweelinckstraat,115,2517GW,'s-Gravenhage,,52.0840577,4.2780711,https://www.restaurantindischgeluk.nl/,,,false,,,,false,
L'Amour Toujours,Prins Hendrikplein,10,2518JB,'s-Gravenhage,,52.0826022,4.2939243,https://www.lamour-toujours.nl/nl/,,,false,,,,false,
Haley's Comet Breakfastclub,Piet Heinstraat,133,2518CG,'s-Gravenhage,,52.0810389,4.2965582,https://haleyscometbreakfastclub.nl/,,,false,,,,false,
Don Senise,Laan van Meerdervoort,14,2517AK,'s-Gravenhage,,52.0861871,4.2992766,,,,false,,,,false,
Toko Semarang,Danckertsstraat,77,2517TG,'s-Gravenhage,,52.0841847,4.2784476,https://tokosemarang.eu/,,,false,,,,false,
Vincenzo's,,,,,,52.0816731,4.2926117,,,,false,,,,false,
De Javaanse Vlam,,,,,,52.0836036,4.2930158,,,,false,,,,false,
Braadstaal,,,,,,52.0826164,4.2828003,,,,false,,,,false,
Haver,,,,,,52.0825579,4.2827981,,,,false,,,,false,
Curry & Cocos,,,,,,52.0816158,4.2924675,http://www.curryencocos.nl/,,,false,,,,false,
Isaku-iki,Anna Paulownastraat,17,2518BA,'s-Gravenhage,,52.0835109,4.3007160,http://www.isakuiki.eu/,,,false,,,,false,
Room,Anna Paulownaplein,16,2518BK,'s-Gravenhage,,52.0846803,4.3000911,https://www.roomdenhaag.com/,,,false,,,,false,
Carmil,Piet Heinstraat,29,2518CB,'s-Gravenhage,,52.0824089,4.2997828,https://www.carmil.nl/,,,false,,,,false,
RestoBar Bayonne,Anna Paulownaplein,3,2518BK,'s-Gravenhage,,52.0847555,4.2993834,,,,false,,,,false,
Jacobs Bar & Grill,Anna Paulownaplein,4,2518BK,'s-Gravenhage,,52.0846148,4.2992511,,,,false,,,,false,
Old Fashion Den Haag,Prins Hendrikstraat,53,2518HJ,'s-Gravenhage,,52.0819119,4.2931803,,,,false,,,,false,
Plenty,Piet Heinstraat,37,2518CB,'s-Gravenhage,,52.0823481,4.2996274,https://www.plentydenhaag.nl/,,,false,,,,false,
Suhumi,Elandstraat,48,2513GT,'s-Gravenhage,,52.0812212,4.2985684,https://suhumi.nl/,,,false,,,,false,
De Peper Authentic Thai Food,Wilgstraat,36,2565ME,'s-Gravenhage,,52.0797609,4.2712464,,,,false,,,,false,
Pearl,Zeestraat,19,2518AA,'s-Gravenhage,,52.0840985,4.3041646,,,,false,,,,false,
Poesaka-Malacca,Vlierboomstraat,545,2564JG,'s-Gravenhage,,52.0673947,4.2541416,,,,false,,,,false,
Saludable Taqueria,Goudenregenstraat,40,2565EX,'s-Gravenhage,,52.0743853,4.2659110,https://saludable.nl/,,,false,,,,false,
La Scala,Vlierboomstraat,497,2564JE,'s-Gravenhage,,52.0678037,4.2551882,https://www.lascala-pizza.nl/,,,false,,,,false,
De Freule,Fahrenheitstraat,558,2561DJ,'s-Gravenhage,,52.0790777,4.2687568,https://defreule.nu/,,,false,,,,false,
Silli,Zeestraat,56C,2518AB,'s-Gravenhage,,52.0847401,4.3030061,,,,false,,,,false,
Señor Torres,Zoutmanstraat,57,2518GN,'s-Gravenhage,,52.0830090,4.2940626,,,,false,,,,false,
Tanta Roba,Zeestraat,58C;58A,2518AB,'s-Gravenhage,,52.0848264,4.3029133,,,,false,,,,false,
Villa Coucou,Laan van Meerdervoort,6,2517AJ,'s-Gravenhage,,52.0864091,4.2999245,,,,false,,,,false,
Bar Bea,Veenkade,7,2513EE,'s-Gravenhage,,52.0800209,4.3027962,https://www.barbeadenhaag.nl/nl/,,,false,,,,false,
Kamer,Zoutmanstraat,8,2518GP,'s-Gravenhage,,52.0810410,4.2960083,,,,false,,,,false,
Mad’Ras,Piet Heinstraat,99,2518CE,'s-Gravenhage,,52.0814840,4.2975186,,,,false,,,,false,
De Bistrooh,Toussaintkade,8,2513CJ,'s-Gravenhage,,52.0804550,4.3030212,https://www.debistrooh.nl/,,,false,,,,false,
Hendriks,Prins Hendrikstraat,55A,2518HK,'s-Gravenhage,,52.0818736,4.2930899,https://restauranthendriks.nl/,,,false,,,,false,
Dua,Mallemolen,10A,2585XJ,'s-Gravenhage,,52.0888803,4.3101266,,,,false,,,,false,
Kurk,Mallemolen,12A,2585XJ,'s-Gravenhage,,52.0889151,4.3100827,,,,false,,,,false,
Interna,Javastraat,29,2585AC,'s-Gravenhage,,52.0887574,4.3084764,,,,false,,,,false,
SeleraKu,Laan van Meerdervoort,7E,2517AB,'s-Gravenhage,,52.0859624,4.2980527,http://www.seleraku.eu/,,,false,,,,false,
Fouquet by Meere,Javastraat,31A,2585AC,'s-Gravenhage,,52.0887713,4.3085796,,,,false,,,,false,
Somos Perú,Javastraat,13,2585AB,'s-Gravenhage,,52.0886094,4.3075409,https://somos-peru.nl/nl/,,,false,,,,false,
Kiraku,,,,,,52.0811205,4.3023192,,,,false,,,,false,
TEDS all day brunch - The Hague,Frederikstraat,32,2514LK,'s-Gravenhage,,52.0874503,4.3104773,,,,false,,,,false,
Eetcafé de Mallemolen,Mallemolen,39,2585XG,'s-Gravenhage,,52.0890012,4.3102289,,,,false,,,,false,
Sarban,Frederikstraat,34,2514LK,'s-Gravenhage,,52.0875085,4.3104374,https://sarban.nl/den-haag/,,,false,,,,false,
Andermanskeuken,Frederikstraat,56,2514LL,'s-Gravenhage,,52.0879337,4.3100777,,,,false,,,,false,
The Raffles,Javastraat,65,2585AG,'s-Gravenhage,,52.0891630,4.3102320,,,,false,,,,false,
Bistro-Mer,Javastraat,9,2585AB,'s-Gravenhage,,52.0885804,4.3073465,,,,false,,,,false,
Follia,Frederikstraat,967B,2514LJ,'s-Gravenhage,,52.0885127,4.3098707,,,,false,,,,false,
FOAM Catering,Frederikstraat,44,2514LL,'s-Gravenhage,,52.0877012,4.3102729,https://www.foamcatering.nl/,,,false,,,,false,
Finjal,Weimarstraat,52,2562GZ,'s-Gravenhage,NL,52.0775610,4.2846041,https://djebena.nl/,,,false,,,,false,
La Lanterna,,,,,,52.0856929,4.2977686,,,,false,,,,false,
Li's Palace,Loosduinse Hoofdstraat,530,2552AP,'s-Gravenhage,,52.0528365,4.2329885,https://lispalace.nl/,,,false,,,,false,
Rem,Tasmanstraat,129,2518VL,'s-Gravenhage,,52.0813719,4.2924239,,,,false,,,,false,
Warunee,,,,,,52.0853518,4.2959400,,,,false,,,,false,
Warung Mini XL,Amsterdamse Veerkade,57A,2512AH,'s-Gravenhage,,52.0757471,4.3176541,,,,false,,,,false,
Flavor's,Willem de Zwijgerlaan,44a,2582ER,'s-Gravenhage,,52.0905850,4.2739062,,,,false,,,,false,
De Haagsche Kluis,Plein,20,2511CS,'s-Gravenhage,,52.0801316,4.3164066,https://www.haagschebierkluis.nl/en/,,,false,,,,false,
Lorelei,Regentesseplein,11,2562EV,'s-Gravenhage,,52.0767402,4.2833108,https://loreleicafe.nl/,,,false,,,,false,
Djojo,Beeklaan,175,2562AD,'s-Gravenhage,,52.0738119,4.2816393,,,,false,,,,false,
Kang Man,Regentesselaan,193A,2562CX,'s-Gravenhage,,52.0746208,4.2832802,,,,false,,,,false,
Ramen Ohashi,Weimarstraat,139,2562GV,'s-Gravenhage,,52.0758515,4.2808754,https://ramenohashi.nl/,,,false,,,,false,
Shereen,Weimarstraat,111,2562GT,'s-Gravenhage,,52.0761139,4.2814201,https://www.restaurantshereen.nl/foodticket/,,,false,,,,false,
Vuvu,Weimarstraat,50,2562GZ,'s-Gravenhage,,52.0775992,4.2846767,,,,false,,,,false,
Restaurant Amon,De Gheijnstraat,86,2562NR,'s-Gravenhage,,52.0722580,4.2845222,,,,false,,,,false,
Primavera,Beeklaan,305,2562AH,'s-Gravenhage,,52.0764212,4.2794997,https://www.pizzaprimavera-denhaag.nl/,,,false,,,,false,
Ram’s,Beeklaan,277,2562AH,'s-Gravenhage,,52.0759233,4.2799712,https://www.ramsrotidenhaag.nl/foodticket/,,,false,,,,false,
Gold River,Weimarstraat,287,2562HJ,'s-Gravenhage,,52.0738132,4.2772914,https://www.goldriverdenhaag.nl/foodticket/,,,false,,,,false,
Kleurhap,Fahrenheitstraat,354,2561EM,'s-Gravenhage,,52.0748566,4.2729669,https://www.kleurdenhaag.nl/cafe/,,,false,,,,false,
Tiflis,Weimarstraat,417,2562HM,'s-Gravenhage,,52.0719036,4.2733131,https://tiflisrestaurant.nl/foodticket/,,,false,,,,false,
Hang Yee,Weimarstraat,404,2562HX,'s-Gravenhage,,52.0717884,4.2736606,https://www.hangyee.nl/foodticket/,,,false,,,,false,
kookstudio Kooklokaal,,,,,,52.0828264,4.2739829,,,,false,,,,false,
Rakang Thai,Beeklaan,344,2562BG,'s-Gravenhage,,52.0771564,4.2782943,,,,false,,,,false,
Hudson,Poeldijkseweg,47,2544NS,'s-Gravenhage,,52.0280292,4.2537876,https://www.restauranthudson.nl/,,,false,,,,false,
Sirtaki,Kamperfoelieplein,10A,2563HW,'s-Gravenhage,,52.0732943,4.2675032,,,,false,,,,false,
Buza,Valkenbosplein,10,2563CA,'s-Gravenhage,,52.0788749,4.2761833,https://restaurant-buza.com/,,,false,,,,false,
Berg en Dal,Daal en Bergselaan,11,2565AB,'s-Gravenhage,,52.0725918,4.2498630,https://www.bistrobergendal.nl/tennispark-berg-en-dal,,,false,,,,false,
Appels & Peren,Appelstraat,155,2564ED,'s-Gravenhage,,52.0661870,4.2528849,https://appelsenperen.restaurant/,,,false,,,,false,
Bar & Restaurant SEB,Lijsterbesplein,2,2563KX,'s-Gravenhage,,52.0746019,4.2645427,,,,false,,,,false,
De Beren,Laan van Meerdervoort,265A,2563AC,'s-Gravenhage,,52.0794266,4.2787548,https://www.beren.nl/vestigingen/den-haag-laan-van-meerdervoort,,,false,,,,false,
Villa Ockenburg,Monsterseweg,4,2553RL,'s-Gravenhage,,52.0535124,4.2186425,https://villaockenburgh.nl/,,,false,,,,false,
Beau Dining & Drinks,Goudsbloemlaan,154,2565CW,'s-Gravenhage,,52.0766639,4.2588629,https://www.beaudiningdrinks.nl/,,,false,,,,false,
Mr Sushi,Laan van Meerdervoort,267A,2563AD,'s-Gravenhage,,52.0793982,4.2786728,https://denhaag.mrsushi.nl/,,,false,,,,false,
Partners,Leyweg,1112,2545GZ,'s-Gravenhage,,52.0474540,4.2782420,,,,false,,,,false,
Grillrestaurant Papyrus,Ambachtsgaarde,134,2542EJ,'s-Gravenhage,,52.0349081,4.2657685,,,,false,,,,false,
Parkoers,Marie Heinenweg,3,2533SX,'s-Gravenhage,,52.0544001,4.2805576,,,,false,,,,false,
Fong Shou,Leyweg,533,2545GG,'s-Gravenhage,,52.0505822,4.2724491,,,,false,,,,false,
't Opkikkertje,Meester P. Droogleever Fortuynweg,59,2533SP,'s-Gravenhage,,52.0529635,4.2874709,,,,false,,,,false,
Golden Wok Zuiderpark,Meester P. Droogleever Fortuynweg,69,2533SP,'s-Gravenhage,,52.0531289,4.2883114,,,,false,,,,false,
Restaurant Caribbean,Leggelostraat,71,2541HR,'s-Gravenhage,,52.0429245,4.2772846,,,,false,,,,false,
Depot Podjok,Bankastraat,97,2585EJ,'s-Gravenhage,,52.0922552,4.3038186,https://www.depotpodjok.nl/,,,false,,,,false,
The Embassy of Food,,,,,,52.0836986,4.3120497,,,,false,,,,false,
't Achterommetje,,,,,,52.0779262,4.3120792,http://www.achterommetje.nl/,,,false,,,,false,
Bacco Perbacco,Van Speijkstraat,246,2518GK,'s-Gravenhage,,52.0810844,4.2890670,,,,false,,,,false,
De eetkamer van Scheveningen,,,,,,52.1062065,4.2798812,,,,false,,,,false,
Le Cirque,,,,,,52.1107192,4.2833253,,,,false,,,,false,
La Salle,,,,,,52.0767509,4.3090383,,,,false,,,,false,
Impero Romano,,,,,,52.0842901,4.3132961,https://imperoromano.nl/,,,false,,,,false,
Grand Café de Tijd,Korte Poten,1,2511EB,'s-Gravenhage,,52.0795998,4.3167563,https://www.grandcafedetijd.nl/,,,false,,,,false,
Orangerie,Bronovolaan,5,2597AX,'s-Gravenhage,NL,52.1014231,4.3181957,,,,false,,,,false,
Pavarotti to go,De Savornin Lohmanplein,10,2566AB,'s-Gravenhage,,52.0665809,4.2445712,,,,false,,,,false,
Brasserie Mondriaan,De Savornin Lohmanplein,37,2566AE,'s-Gravenhage,,52.0667619,4.2456083,,,,false,,,,false,
Simitçi Dünyası,De Stede,28,2543BG,'s-Gravenhage,,52.0439389,4.2588290,,,,false,,,,false,
Anatolian Chefs,De Stede,35,2543BG,'s-Gravenhage,,52.0428463,4.2603964,,,,false,,,,false,
Thais restaurant Siem,Alphons Diepenbrockhof,74,2551KK,'s-Gravenhage,,52.0584534,4.2313790,https://www.thaisrestaurantsiem.nl/,,,false,,,,false,
Tadında Çiğköfte,Leyweg,867,2545HB,'s-Gravenhage,,52.0442398,4.2807633,https://www.tadindacigkofte-denhaag.nl/,,,false,,,,false,
Marmaris Kijkduin,Teunisbloemplein,18,2555AA,'s-Gravenhage,,52.0629708,4.2267896,,,,false,,,,false,
Restaurant Gember,Stadhouderslaan,43,2517HV,'s-Gravenhage,,52.0901811,4.2796231,https://www.restaurantgember.nl/,,,false,,,,false,
Pita Gyros,,,,,,52.0786489,4.3177479,,,,false,,,,false,
Happy Garden,Forellendaal,310,2553LM,'s-Gravenhage,,52.0483473,4.2362535,https://www.wokhappygarden.nl/,,,false,,,,false,
T&C Haus,Herengracht,48,2511EJ,'s-Gravenhage,,52.0810704,4.3195254,http://tc-haus.nl/,,,false,,,,false,
Menny's kitchen,Piet Heinstraat,66,2518CK,'s-Gravenhage,,52.0820227,4.2992486,https://www.mennyskitchen.nl/nl,,,false,,,,false,
Luden,Plein,6,2511CR,'s-Gravenhage,,52.0793701,4.3161871,https://www.ludendenhaag.nl/,,,false,,,,false,
Surinaams eethuis,,,,,,52.0801925,4.3227892,,,,false,,,,false,
Winston & Wei Wei,,,,,,52.0732242,4.3186278,https://www.winstonweiwei.nl/,,,false,,,,false,
Nice,,,,,,52.0788449,4.3367003,,,,false,,,,false,
WTC Plaza,,,,,,52.0790745,4.3364632,,,,false,,,,false,
Calla's,,,,,,52.0866505,4.3131283,https://www.restaurantcallas.nl/,,,false,,,,false,
Dekxels,,,,,,52.0858879,4.3116851,https://www.dekxels.nl/,,,false,,,,false,
Kinyo Sushi & Grill Den Haag,,,,,,52.0863896,4.3120961,,,,false,,,,false,
Green Egg,,,,,,52.0860688,4.3115778,,,,false,,,,false,
Toko Frederik,,,,,,52.0872624,4.3109572,,,,false,,,,false,
Indian By Nature,Lange Houtstraat,15,2511CV,'s-Gravenhage,,52.0812656,4.3155743,https://indianbynature.nl/,,,false,,,,false,
Bouzy Restaurant,,,,,,52.0864826,4.3119904,,,,false,,,,false,
Millers,Plein,8-10,2511CR,'s-Gravenhage,,52.0794340,4.3163347,https://www.millersdenhaag.nl/,,,false,,,,false,
De Resident,,,,,,52.0848856,4.3125852,,,,false,,,,false,
Ben Kei,,,,,,52.0861344,4.3115260,https://www.benkeidenhaag.nl/,,,false,,,,false,
Oker,,,,,,52.0861474,4.3117922,https://restaurantoker.nl/,,,false,,,,false,
Café Bleu,Hooistraat,5A,2514BM,'s-Gravenhage,,52.0847482,4.3136992,https://www.cafebleu.nl/,,,false,,,,false,
Café Franklin,,,,,,52.0783869,4.2771175,,,,false,,,,false,
Brasserie Chapter,Annastraat,17,2513AT,'s-Gravenhage,,52.0785239,4.3080026,,,,false,,,,false,
Zee op Tafel,Bankastraat,95,2585EJ,'s-Gravenhage,,52.0922050,4.3038639,,,,false,,,,false,
Le Deux,Maliestraat,9A,2514CA,'s-Gravenhage,,52.0844193,4.3138096,,,,false,,,,false,
Daytime lunch & drinks,Denneweg,5,2514CB,'s-Gravenhage,,52.0844698,4.3133764,https://www.lunchroomdaytime.nl/,,,false,,,,false,
Zarautz,,,,,,52.1028851,4.2778751,,,,false,,,,false,
Pastanini,,,,,,52.0943425,4.2769667,,,,false,,,,false,
Bravo,,,,,,52.0623059,4.3820394,,,,false,,,,false,
Bab Mansour,,,,,,52.0456467,4.2794838,,,,false,,,,false,
Cap de l'Eau,,,,,,52.0477830,4.2767290,,,,false,,,,false,
Taj Mahal,,,,,,52.0843618,4.3137155,https://www.tajmahalrestaurant.eu/,,,false,,,,false,
Escamp Ezgi,,,,,,52.0503453,4.2724659,,,,false,,,,false,
Lee's Garden,,,,,,52.0909225,4.2728348,,,,false,,,,false,
Taste of Holland,,,,,,52.0996343,4.2986286,,,,false,,,,false,
Amazing Oriental,,,,,,52.0385110,4.3564020,,,,false,,,,false,
Havenpaleis,Dr. Lelykade,1C,2583CL,'s-Gravenhage,,52.0991067,4.2715120,,,,false,,,,false,
Home,Theresiastraat,12D,2593AN,'s-Gravenhage,,52.0835842,4.3308279,https://www.homedenhaag.nl/,,,false,,,,false,
Efes-Marmaris,Leyweg,595Y,2545GH,'s-Gravenhage,,52.0482560,4.2767157,https://leyweg.nl/project/efes-marmaris/,,,false,,,,false,
Veggiesaurus,Binckhorstlaan,131-1,2516BA,'s-Gravenhage,,52.0681498,4.3374971,https://www.veggiesaurus.biz/,,,false,,,,false,
Brasserie Roem,,,,,,52.0509750,4.2912326,,,,false,,,,false,
Samen,Brasserskade,221,2497NX,'s-Gravenhage,,52.0274493,4.3616167,https://wereldrestaurantsamen.nl/,,,false,,,,false,
Chidóz,Schedeldoekshaven,506,2511EP,'s-Gravenhage,,52.0778029,4.3200117,https://chidoz.mx/,,,false,,,,false,
Burrata,Turfmarkt,87,2511DP,'s-Gravenhage,,52.0782528,4.3194849,https://www.pizzaburrata.nl/turfmarkt/en/,,,false,,,,false,
Restaurant La Roza,,,,,,52.0765787,4.3039998,,,,false,,,,false,
Partycentrum Madestein,,,,,,52.0366502,4.2169737,,,,false,,,,false,
Eethuis New Laak,Calandkade,170,2521AA,'s-Gravenhage,,52.0590866,4.3106282,,,,false,,,,false,
Coco Bango,,,,,,52.0656018,4.2786387,,,,false,,,,false,
Simply Thai,,,,,,52.0782463,4.2682977,,,,false,,,,false,
Lunchcafe Luca,,,,,,52.0784171,4.2687887,,,,false,,,,false,
Mr Buffalo,,,,,,52.0772937,4.2704168,,,,false,,,,false,
Casa di Bella,,,,,,52.0784402,4.2699313,,,,false,,,,false,
The UPSIDE cafe,,,,,,52.0787996,4.2696282,https://upsidecafe.nl/,,,false,,,,false,
Hungarian Corner,,,,,,52.0790532,4.2711271,,,,false,,,,false,
Pizza Napoli,,,,,,52.0802569,4.2675078,https://bestelnapoli.nl/,,,false,,,,false,
Nieuw Tin Long,,,,,,52.0796934,4.2680603,,,,false,,,,false,
Mezze Arabische Tapasbar,Gevers Deynootplein,32,2586CL,'s-Gravenhage,,52.1133110,4.2821665,https://mezzescheveningen.com/,,,false,,,,false,
Rozey,Turfhaven,356,2511DK,'s-Gravenhage,,52.0779334,4.3198110,https://rozey.nl/,,,false,,,,false,
Indian Curry House,Thomsonlaan,69,2565HX,'s-Gravenhage,,52.0790930,4.2694651,https://www.indiancurryclub.nl//,,,false,,,,false,
Induano Bites,Jan Hendrikstraat,3,2512GK,'s-Gravenhage,,52.0765366,4.3064401,,,,false,,,,false,
Perfect Pasta,Stationsweg,178,2515BS,'s-Gravenhage,,52.0707037,4.3217868,,,,false,,,,false,
Conscious Kitchen,Witte de Withstraat,127,2518CS,'s-Gravenhage,,52.0790890,4.2921089,https://www.consciouskitchen.nl/home,,,false,,,,false,
Pastis,Oude Molstraat,57,2513BA,'s-Gravenhage,,52.0797091,4.3066923,,,,false,,,,false,
Çadir,Calandstraat,50,2521AG,'s-Gravenhage,,52.0631003,4.3141817,https://cadir.nl/,,,false,,,,false,
Wowcrab,Grote Marktstraat,37,2511BH,'s-Gravenhage,,52.0759804,4.3110896,https://www.wowcrab.nl/den-haag,,,false,,,,false,
Le Connaisseur,Dagelijkse Groenmarkt,35,2513AL,'s-Gravenhage,,52.0774142,4.3081480,,,,false,,,,false,
Cafe de Florèz,Annastraat,13,2513AT,'s-Gravenhage,,52.0785677,4.3081299,,,,false,,,,false,
Vascobelo,Hooistraat,2,,'s-Gravenhage,,52.0846120,4.3131598,,,,false,,,,false,
Vivre,Maanplein,89B,2516CK,'s-Gravenhage,,52.0670392,4.3496639,,,,false,,,,false,
YO! Sushi,Koningin Julianaplein,54,2595AA,'s-Gravenhage,,52.0816416,4.3242269,,,,false,,,,false,
Dürümcü,Stationsplein,89,2515BX,'s-Gravenhage,,52.0705303,4.3219804,,,,false,,,,false,
Tapas Y Sala,Tarwekamp,9,2592XG,'s-Gravenhage,,52.0885743,4.3531446,https://www.tapasysalsa.nl/,,,false,,,,false,
Puurr aan de Binck,Fokkerkade,18,2516CC,'s-Gravenhage,,52.0649040,4.3375488,https://www.puurraandebinck.nl/,,,false,,,,false,
De Sushimeisjes,,,,,,52.0812617,4.2921178,,,,false,,,,false,
PRL,,,,,,52.0743224,4.2808371,,,,false,,,,false,
Arawann Thaifood To Go,Keizerstraat,211,2584BE,'s-Gravenhage,NL,52.1045577,4.2754615,http://www.arawannthaifood.nl/,,,false,,,,false,
Amon,,,,,,52.0720643,4.2845851,,,,false,,,,false,
Tay Wah,,,,,,52.0743809,4.2838355,,,,false,,,,false,
Que Pasa,,,,,,52.0857600,4.2973023,,,,false,,,,false,
3Stones,,,,,,52.0855529,4.2972928,,,,false,,,,false,
Sayang,,,,,,52.0791080,4.2778536,,,,false,,,,false,
Hummus,,,,,,52.0817175,4.2932153,https://hummustakeaway.squarespace.com/,,,false,,,,false,
't Drieluik,,,,,,52.0767482,4.2842501,,,,false,,,,false,
Charisma,,,,,,52.0797599,4.2937278,,,,false,,,,false,
Van Kinsbergen,,,,,,52.0819798,4.2943055,https://www.gastropubvankinsbergen.nl/nl/,,,false,,,,false,
Zalmhuis Anna Paulowna,,,,,,52.0833571,4.3008503,,,,false,,,,false,
Taste of Persia,,,,,,52.0824745,4.3004043,,,,false,,,,false,
Arte Bianca,,,,,,52.0823071,4.2999747,,,,false,,,,false,
Jules,,,,,,52.0802507,4.2892689,,,,false,,,,false,
La Famiglia,,,,,,52.0824576,4.2775664,,,,false,,,,false,
Symbiose,Galileïstraat,160,2561TL,'s-Gravenhage,,52.0748989,4.2761359,https://www.restaurantsymbiose.nl/,,,false,,,,false,
Da Mister Toni,,,,,,52.0851565,4.2960170,https://damistertoni.com/,,,false,,,,false,
Chang'an Flavour,Korte Poten,23,2511EC,'s-Gravenhage,,52.0800075,4.3176638,,,,false,,,,false,
Shiraz,,,,,,52.0761999,4.2707800,,,,false,,,,false,
Mr. India,,,,,,52.0753009,4.2681908,,,,false,,,,false,
L'Oro di Napoli,,,,,,52.0758748,4.2687380,,,,false,,,,false,
Anatolie,,,,,,52.0762959,4.2698950,,,,false,,,,false,
Palembang,,,,,,52.0790374,4.2747807,,,,false,,,,false,
Mallo Mix-Grill,,,,,,52.0711955,4.2843647,,,,false,,,,false,
Tommy's & Zuurveen,Veenkade,1,2513EE,'s-Gravenhage,,52.0801852,4.3032131,https://tommysenzuurveen.nl/,,,false,,,,false,
Het Zamen,,,,,,52.0743992,4.2923098,,,,false,,,,false,
La Crêpe,Stationsweg,140A,2515BS,'s-Gravenhage,,52.0712985,4.3211408,,,,false,,,,false,
Mandarin Place,,,,,,52.0851100,4.2789730,,,,false,,,,false,
Lo Sfizio,,,,,,52.0855034,4.2790731,,,,false,,,,false,
El Gusto,,,,,,52.0847433,4.2797599,,,,false,,,,false,
First Place,,,,,,52.0845080,4.2797574,,,,false,,,,false,
Catch-Up,,,,,,52.0766803,4.2628286,,,,false,,,,false,
Burrata,,,,,,52.0768715,4.2632728,,,,false,,,,false,
Arabesq,,,,,,52.0728004,4.3190967,https://arabesq-restaurant.nl/,,,false,,,,false,
Pannenkoekenhuis Kijkduin,Deltaplein,203,2554GV,'s-Gravenhage,,52.0694206,4.2207861,https://pannenkoekenhuiskijkduin.nl/,,,false,,,,false,
Portfolio,Prinsestraat,36,2513CD,'s-Gravenhage,,52.0786936,4.3059026,https://portfolio-restaurant.nl/,,,false,,,,false,
Glaswerk,Fokkerkade,14,2516CC,'s-Gravenhage,,52.0652266,4.3371657,https://glaswerkdenhaag.nl/,,,false,,,,false,
Pavarotti,Deltaplein,205,2554GV,'s-Gravenhage,,52.0696735,4.2211208,https://www.pavarotti.nl/,,,false,,,,false,
Srikandi,,,,,,52.0756692,4.3101836,,,,false,,,,false,
Burrata,Kortenaerkade,1,2518AX,'s-Gravenhage,,52.0830633,4.3013737,https://cortenaer.nl/en-gb,,,false,,,,false,
Tarim,,,,,,52.0774749,4.3104092,,,,false,,,,false,
My Cookery kookstudio,,,,,,52.0815293,4.2927628,,,,false,,,,false,
Calanddock restaurant,Calandkade,101,2521AA,'s-Gravenhage,,52.0604117,4.3130529,https://calanddockrestaurant.nl/,,,false,,,,false,
Rebelz,Junostraat,127,2516BR,'s-Gravenhage,,52.0635240,4.3393788,,,,false,,,,false,
La Riva al Porto,,,,,,52.0972288,4.2693364,,,,false,,,,false,
Bogazici,,,,,,52.0660165,4.3029633,,,,false,,,,false,
Eethuis Fes,,,,,,52.0637927,4.3072717,,,,false,,,,false,
Rootz,,,,,,52.0759101,4.3099350,https://www.rootz.nl/nl/,,,false,,,,false,
Juliana Plaza,Schalk Burgerstraat,217,2572TV,'s-Gravenhage,,52.0648488,4.2931185,https://www.julianaplaza.nl/,,,false,,,,false,
Family,,,,,,52.0715686,4.3204720,,,,false,,,,false,
Harem,,,,,,52.0720142,4.3247877,,,,false,,,,false,
Moksi,Boekhorststraat,119,2512CN,'s-Gravenhage,,52.0729013,4.3105075,,,,false,,,,false,
Setare,Bierkade,13,2512AA,'s-Gravenhage,,52.0747544,4.3184974,,,,false,,,,false,
Xi’an Delicious Foods,Korte Poten,18,2511ED,'s-Gravenhage,,52.0799407,4.3172627,https://xianfoods.nl/,,,false,,,,false,
The Sushi Corner,Meyerstraat,9,2521AH,'s-Gravenhage,,52.0615536,4.3142465,https://thesushicorner.nl/,,,false,,,,false,
The Commons,Hoefkade,9,2526BN,'s-Gravenhage,,52.0711963,4.3196221,,,,false,,,,false,
Moeke,Strandweg,155,2586JM,'s-Gravenhage,,52.1157946,4.2842573,https://www.moeke.nl/,,,false,,,,false,
Bay,Strandweg,163,2586JM,'s-Gravenhage,,52.1164779,4.2850603,,,,false,,,,false,
Speakers,,,,,,52.0845507,4.3139659,,,,false,,,,false,
Indonesisch Restaurant Keraton Damai,Groot Hertoginnelaan,57,2517EC,'s-Gravenhage,,52.0848373,4.2817004,https://keratondamai.nl/,,,false,,,,false,
't Zusje,Gevers Deynootplein,30,2586CK,'s-Gravenhage,,52.1130098,4.2817122,https://zusje.nl/onze-zusjes/kurhaus/,,,false,,,,false,
Falafel en Hummus,,,,,,52.0760891,4.3098969,https://falafelenhummus.nl/,,,false,,,,false,
ChouChou,Strandweg,159,2586JM,'s-Gravenhage,,52.1161273,4.2846256,https://www.chouchou.nl/,,,false,,,,false,
Oogst,,,,,,52.0845649,4.3130449,,,,false,,,,false,
Brasserie Berlage,President Kennedylaan,1,2517JK,'s-Gravenhage,,52.0896191,4.2820176,https://www.gastrobar-berlage.nl/,,,false,,,,false,
Villani,,,,,,52.0959267,4.2643679,https://www.villani.nl/,,,false,,,,false,
Sophia,,,,,,52.0856915,4.3025788,,,,false,,,,false,
Le Moulin Fou,,,,,,52.0887191,4.3102464,,,,false,,,,false,
Sohbet Restaurant,,,,,,52.0593439,4.3107270,,,,false,,,,false,
Foodhall Scheveningen,Strandweg,161,2586JM,'s-Gravenhage,,52.1163263,4.2848248,https://foodhallscheveningen.nl/en/,,,false,,,,false,
Jaipur of India,Fahrenheitstraat,273,2561DV,'s-Gravenhage,,52.0724899,4.2757797,https://www.jaipurofindia-denhaag.nl/,,,false,,,,false,
The Hague Tech,,,,,,52.0791636,4.3419127,,,,false,,,,false,
Chalet ten Bosch,Leidsestraatweg,45,2594BB,'s-Gravenhage,,52.0988122,4.3470406,https://chalettenbosch.nl/,,,false,,,,false,
Express-so,,,,,,52.0744938,4.3005486,https://www.haaglandenmc.nl/voorbereiden-op/ziekenhuisopname/eten-en-drinken/,,,false,,,,false,
Vigo Seafoodbar,Aert van der Goesstraat,9,2582AH,'s-Gravenhage,,52.0882634,4.2763992,https://vigoseafoodbar.nl/,,,false,,,,false,
Paviljoen Malieveld,Koekamplaan,6,2594AA,'s-Gravenhage,,52.0838632,4.3186638,https://malieveld.nl/,,,false,,,,false,
JM Snacks,Strandweg,3L,2586JK,'s-Gravenhage,,52.1026503,4.2652216,,,,false,,,,false,
THE WINE HOUSE,Deltapromenade,304,2554GX,'s-Gravenhage,,52.0691626,4.2217400,,,,false,,,,false,
Warung Mini,Deltaplein,278,2554GW,'s-Gravenhage,,52.0688186,4.2218444,https://www.warungminikijkduin.nl/,,,false,,,,false,
Pazze e Pizze,Rabbijn Maarsenplein,7,2512HJ,'s-Gravenhage,,52.0759000,4.3141404,https://www.pazzepizze.nl/,,,false,,,,false,
BBQ Paradijs,Hoefkade,795,2525LH,'s-Gravenhage,,52.0630434,4.3016066,,,,false,,,,false,
Greens,Kapelweg,18,2587BM,'s-Gravenhage,,52.1062001,4.2905598,https://www.greensinthepark.nl/,,,false,,,,false,
LOSH,Johanna Naberweg,5,2533SE,'s-Gravenhage,,52.0565498,4.2855192,https://losh.nl/,,,false,,,,false,
Chef Bulbol,Bleijenburg,31,2511VC,'s-Gravenhage,,52.0804765,4.3179681,https://chefbulbolrestaurant.nl/,,,false,,,,false,
De Haagsche Beek,Machiel Vrijenhoeklaan,175,2555NA,'s-Gravenhage,,52.0636783,4.2173302,https://www.dehaagschebeek.nl/,,,false,,,,false,
Méli,,,,,,52.0820796,4.2994017,,,,false,,,,false,
Cosy Food Corner,Bezuidenhoutseweg,65,2594AC,'s-Gravenhage,,52.0830463,4.3250006,https://cosyfoodcorner.nl/,,,false,,,,false,
Sarinandé,Adelheidstraat,53,2595EB,'s-Gravenhage,,52.0837561,4.3306530,https://sarinande.nl/,,,false,,,,false,
Wing Wah,,,,,,52.0594744,4.2651664,,,,false,,,,false,
Toko Rientje,,,,,,52.0595356,4.2650730,,,,false,,,,false,
Restaurant The LivingRoom,Bezuidenhoutseweg,53,2594AC,'s-Gravenhage,,52.0825785,4.3240106,https://babylonthelivingroom.nl/,,,false,,,,false,
Momiji Ramen,Turfmarkt,228,2511DJ,'s-Gravenhage,,52.0793162,4.3209810,,,,false,,,,false,
De Beren,Guldenlaan,1C,2496XE,'s-Gravenhage,,52.0561602,4.3872607,https://www.beren.nl/vestigingen/den-haag-ypenburg,,,false,,,,false,
Oma Toos,Dr. Lelykade,3r,2583CL,'s-Gravenhage,,52.0958775,4.2669734,https://www.oma-toos.nl/,,,false,,,,false,
Brasserie Amare,Spuiplein,150,2511DG,'s-Gravenhage,,52.0771638,4.3175426,,,,false,,,,false,
De Posthoorn,Lange Voorhout,39A,2514EC,'s-Gravenhage,,52.0821776,4.3132830,https://bodegadeposthoorn.nl/,,,false,,,,false,
Restaurant Tandir,Betje Wolffstraat,185,2533HM,'s-Gravenhage,,52.0485006,4.2911248,,,,false,,,,false,
Ekmekci,Waldorpstraat,27,2521CA,'s-Gravenhage,,52.0688352,4.3221787,https://ekmekci.nl/hollands-spoor/,,,false,,,,false,
Oh My Bun!,Gedempte Gracht,677,2512AM,'s-Gravenhage,,52.0769224,4.3154501,https://ohmybun.nl/,,,false,,,,false,
Beso by Simonis,Visafslagweg,99,2583DM,'s-Gravenhage,,52.1020816,4.2669445,https://beso-bysimonis.nl/,,,false,,,,false,
Sumo,,,,,,52.1138709,4.2822862,https://www.restaurantsumo.com/sumo-sushi-scheveningen/,,,false,,,,false,
Z'AHA,Goudsbloemlaan,142,2565CW,'s-Gravenhage,,52.0766531,4.2590955,https://www.zahadeli.nl/,,,false,,,,false,
Restaurant,,,,,,52.0550894,4.2134966,,,,false,,,,false,
Lobi BBQ,Hoefkade,52,2526CA,'s-Gravenhage,,52.0706831,4.3189319,https://www.lobibbq.nl/foodticket/,,,false,,,,false,
Don Don Shabu,Bezemstraat,7,2512ZZ,'s-Gravenhage,,52.0763205,4.3147706,https://www.dondonshabu.com/,,,false,,,,false,
Five-K Comfort Food,Gedempte Gracht,675,2512AM,'s-Gravenhage,,52.0768999,4.3153960,https://www.five-k.nl/,,,false,,,,false,
Blow,Zuiderstrand,22,,'s-Gravenhage,,52.0588971,4.2029572,https://blow.surf/,,,false,,,,false,
Otrobanda,Strandslag,1,,'s-Gravenhage,,52.0595617,4.2039683,https://otrobanda.nl/,,,false,,,,false,
Wagamama,,,,,,52.0695148,4.2209205,,,,false,,,,false,
EVE,Strandweg,180,2586JW,'s-Gravenhage,,52.1176971,4.2864744,https://eve-scheveningen.nl/,,,false,,,,false,
Kitty’s Corner,,,,,,52.0761585,4.2748556,,,,false,,,,false,
Paviljoen,,,,,,52.0553337,4.3495886,https://www.drievliet.nl/attraction-detail-1/paviljoen-drievliet,,,false,,,,false,
Mei,,,,,,52.0542306,4.3501317,https://www.drievliet.nl/attraction-detail-1/mei-1,,,false,,,,false,
Il Peperoncino Trattoria,Frederik Hendriklaan,127,,,,52.0922825,4.2752956,,,,false,,,,false,
Momiji Ramen,Gedempte Gracht,397,2512AM,'s-Gravenhage,,52.0763577,4.3142734,https://momiji-ramen.nl/nl,,,false,,,,false,
El Bar,,,,,,52.0836299,4.3044588,,,,false,,,,false,
The Shore Scheveningen,Strand Noord,2A,2586ZZ,'s-Gravenhage,,52.1025228,4.2635999,https://surfles.nl/,,,false,,,,false,
The Martabak House,,,,,,52.0817208,4.3258800,https://themartabakhouse.nl/password,,,false,,,,false,
Frida Mexican Food,,,,,,52.0816517,4.3260026,,,,false,,,,false,
Bohica,,,,,,52.0816263,4.3259065,,,,false,,,,false,
Poké Central,,,,,,52.0815996,4.3260413,https://www.pokecentral.nl/home,,,false,,,,false,
Wokrestaurant Rosarium Westbroekpark,Kapelweg,35,2587BK,'s-Gravenhage,,52.1054970,4.2904300,https://westbroekpark.nl/,,,false,,,,false,
Aroi Soi 9 Lime Leaf & Red Pepper,,,,,,52.0816595,4.3257502,https://www.limeleafandredpepper.nl/,,,false,,,,false,
Toko Ming Kee,Bezemstraat,7,2512ZZ,'s-Gravenhage,,52.0762866,4.3146984,,,,false,,,,false,
Kenyan Delicacies,,,,,,52.0815255,4.3258175,https://www.kenyandelicacies.com/,,,false,,,,false,
La Cocina de Aminta,Zoutmanstraat,10A,2518GP,'s-Gravenhage,,52.0810622,4.2959379,,,,false,,,,false,
Taste of Suriname,,,,,,52.0816068,4.3256391,https://www.bistroo.nl/den-haag/restaurants/taste-of-suriname/,,,false,,,,false,
K-Bunsik,Fluwelen Burgwal,2,2511CJ,'s-Gravenhage,,52.0801375,4.3185443,,,,false,,,,false,
Jolie Café Manger,,,,,,52.0812380,4.3169737,https://joliecafemanger.nl/,,,false,,,,false,
Shoku,Prinses Beatrixlaan,588,2595BM,'s-Gravenhage,,52.0792059,4.3363608,https://shoku.nl/,,,false,,,,false,
Flora,,,,,,52.0772865,4.2898350,https://caferestaurantflora.nl/,,,false,,,,false,
The Court,Groenewegje,115,2515LP,'s-Gravenhage,,52.0731256,4.3156729,,,,false,,,,false,
Panorama Café,,,,,,52.0992782,4.2959249,,,,false,,,,false,
Jasmine Palace,,,,,,52.0665358,4.2446849,,,,false,,,,false,
Taverne Meer en Bosch,,,,,,52.0641834,4.2295932,,,,false,,,,false,
Millers Beach,Zuiderstrand,9,,'s-Gravenhage,,52.0786241,4.2322992,,,,false,,,,false,
Pier 32,Zuiderstrand,10,,'s-Gravenhage,,52.0773509,4.2303933,,,,false,,,,false,
Beachclub Amigo,Zuiderstrand,11,,'s-Gravenhage,,52.0765634,4.2293728,https://www.beachclubamigos.nl/,,,false,,,,false,
@ the beach,Zuiderstrand,8,2566ZZ,'s-Gravenhage,,52.0804944,4.2346938,https://atthebeach.nl/,,,false,,,,false,
De Kwartel,Zuiderstrand,7,,'s-Gravenhage,,52.0839376,4.2397550,https://dekwartel.nl/,,,false,,,,false,
Strandpaviljoen De Staat,Zuiderstrand,3,,'s-Gravenhage,,52.0885593,4.2456723,,,,false,,,,false,
La Cantina,Zuiderstrand,1,,'s-Gravenhage,,52.0973049,4.2560014,https://lacantina.nl/,,,false,,,,false,
Strandpaviljoen Zuid,Zuiderstrand,2,,'s-Gravenhage,,52.0925094,4.2502473,,,,false,,,,false,
Strandtent ’t Puntje,Zwarte Pad,3N,2586ZZ,'s-Gravenhage,,52.1259923,4.3002321,,,,false,,,,false,
Kookaburra Beach,Zuiderstrand,6,,'s-Gravenhage,,52.0858580,4.2421648,https://kookaburrabeach.nl/,,,false,,,,false,
DownUnderBeach,Zwarte Pad,1N,2586ZZ,'s-Gravenhage,,52.1218021,4.2939424,https://downunderbeach.nl/,,,false,,,,false,
Boomerang Beach,Zwarte Pad,63,2586ZZ,'s-Gravenhage,,52.1202950,4.2917676,https://boomerangbeach.nl/,,,false,,,,false,
Naturel,Zwarte Pad,2N,2586ZZ,'s-Gravenhage,,52.1242269,4.2973189,https://naturel.info/,,,false,,,,false,
Strandpaviljoen Buiten,Zwarte Pad,67,2586ZZ,'s-Gravenhage,,52.1214641,4.2934977,https://www.ganaarbuiten.nl/,,,false,,,,false,
Azorra Beachclub,Zwarte Pad,66,2586ZZ,'s-Gravenhage,,52.1210986,4.2929293,https://www.azorra.nl/,,,false,,,,false,
Summertime,Strandweg,34,2586ZZ,'s-Gravenhage,,52.1134418,4.2800531,,,,false,,,,false,
Zanzibar Beachclub,Strandweg,33,2586ZZ,'s-Gravenhage,,52.1133054,4.2798654,https://www.zanzibarbeachclub.nl/,,,false,,,,false,
Baia Beachclub,Zwarte Pad,59,2586ZZ,'s-Gravenhage,,52.1193667,4.2901632,https://baiabeachclub.nl/,,,false,,,,false,
Beachclub Bora Bora,Strandweg,29,2586ZZ,'s-Gravenhage,,52.1125553,4.2787727,https://www.borabora.nl/,,,false,,,,false,
Werelds,Strandweg,53,2586ZZ,'s-Gravenhage,,52.1174862,4.2856394,https://strandrestaurantwerelds.nl/,,,false,,,,false,
Beachclub Indigo,Zwarte Pad,65,2586ZZ,'s-Gravenhage,,52.1207658,4.2923923,https://beachclubindigo.nl/,,,false,,,,false,
Colorado Charlie,Zwarte Pad,64,2586ZZ,'s-Gravenhage,,52.1205947,4.2920098,https://coloradocharlie.nl/,,,false,,,,false,
Strandtent Soomers,Zwarte Pad,57C,2586ZZ,'s-Gravenhage,,52.1187488,4.2888320,https://beachclubsoomers.nl/,,,false,,,,false,
Beachclub Zeezicht,Strandweg,49,2586ZZ,'s-Gravenhage,,52.1164175,4.2838412,https://www.zeezicht.nl/,,,false,,,,false,
El Niño Beach Club,Strandweg,31,2586ZZ,'s-Gravenhage,,52.1128396,4.2792392,https://www.elnino.nl/,,,false,,,,false,
Miss Maui Beachhouse,Strandweg,38,2586ZZ,'s-Gravenhage,,52.1143752,4.2815249,,,,false,,,,false,
Mood beach,Strandweg,36,2586ZZ,'s-Gravenhage,,52.1141612,4.2811894,https://www.moodbeach.nl/,,,false,,,,false,
Simonis,Strandweg,41,2586ZZ,'s-Gravenhage,,52.1147072,4.2820085,https://www.simonisvis.nl/,,,false,,,,false,
Manta Beach,Zwarte Pad,57B,2586JL,'s-Gravenhage,,52.1184264,4.2881715,,,,false,,,,false,
Day by day,Strandweg,35,2586ZZ,'s-Gravenhage,,52.1136911,4.2804289,,,,false,,,,false,
De Golfslag,Strandweg,35A,2586ZZ,'s-Gravenhage,,52.1139426,4.2808002,,,,false,,,,false,
ElBullY,Strandweg,50,2586ZZ,'s-Gravenhage,,52.1166760,4.2841068,https://www.elbully.nl/,,,false,,,,false,
Patagonia Beach,Zwarte Pad,57A,2586ZZ,'s-Gravenhage,,52.1181036,4.2871833,https://patagoniabeach.nl/,,,false,,,,false,
Panamabeach,Strandweg,51,2586ZZ,'s-Gravenhage,,52.1168568,4.2844665,https://panamabeach.nl/,,,false,,,,false,
Grand Plage,Strandweg,42-43,2586ZZ,'s-Gravenhage,,52.1149675,4.2822955,https://www.grandplage.com/,,,false,,,,false,
Wensveen,Strandweg,40,,'s-Gravenhage,,52.1145449,4.2818417,,,,false,,,,false,
Oceans,Strandweg,32,2586ZZ,'s-Gravenhage,,52.1130471,4.2795385,,,,false,,,,false,
Xiringuito,Strandweg,11,2586ZZ,'s-Gravenhage,,52.1060349,4.2684688,,,,false,,,,false,
Boonoonoonoos,Strandweg,15,2586ZZ,'s-Gravenhage,,52.1074972,4.2702738,https://www.boonoonoonoos.nl/,,,false,,,,false,
The Fat Mermaid,Strandweg,19,2586ZZ,'s-Gravenhage,,52.1107056,4.2757291,,,,false,,,,false,
Bandu Beach,Strandweg,16,2586ZZ,'s-Gravenhage,,52.1100923,4.2747798,https://bandubeach.nl/,,,false,,,,false,
Sol Beach,Strandweg,20-21-22,2586ZZ,'s-Gravenhage,,52.1113945,4.2770515,https://www.solbeach.nl/,,,false,,,,false,
Buena Vista Beach Club,Strandweg,18,2586ZZ,'s-Gravenhage,,52.1105165,4.2754766,https://buenavistabeachclub.nl/,,,false,,,,false,
Fonk,Strandweg,2,2586ZZ,'s-Gravenhage,,52.1028189,4.2642342,,,,false,,,,false,
Beachclub Copacabana,Strandweg,12,2586ZZ,'s-Gravenhage,,52.1072510,4.2700014,https://www.beachclub-copacabana.nl/,,,false,,,,false,
Cocomo beachclub,Strandweg,28,2586ZZ,'s-Gravenhage,,52.1123456,4.2784871,,,,false,,,,false,
Twins,Strandweg,23-24,2586ZZ,'s-Gravenhage,,52.1117649,4.2776664,https://twins.nl/,,,false,,,,false,
Titus Beachclub,Zuiderstrand,12,,'s-Gravenhage,,52.0726774,4.2234273,https://beachclubtitus.nl/,,,false,,,,false,
Strandtent 14,Zuiderstrand,14,,'s-Gravenhage,,52.0720534,4.2224136,,,,false,,,,false,
Beachclub La Parade,Zuiderstrand,13,,'s-Gravenhage,,52.0722357,4.2227919,https://beachclublaparade.nl/,,,false,,,,false,
Boca Grandi,Zuiderstrand,18,,'s-Gravenhage,,52.0670027,4.2151749,,,,false,,,,false,
Habana Beach,Zuiderstrand,15,,'s-Gravenhage,,52.0689958,4.2179718,https://www.habana.nl/,,,false,,,,false,
Dolfijn,Strandweg,9,2586ZZ,'s-Gravenhage,,52.1059120,4.2683621,,,,false,,,,false,
Hudson beach,Zuiderstrand,17,2554ZZ,'s-Gravenhage,,52.0681865,4.2169707,https://www.hudsonbeach.nl/,,,false,,,,false,
Barbarossa Beach,Zwarte Pad,61,2586ZZ,'s-Gravenhage,,52.1199895,4.2912162,https://barbarossabeach.nl/,,,false,,,,false,
Beachclub Birds,Zuiderstrand,19,2554ZZ,'s-Gravenhage,,52.0614185,4.2069950,https://www.beachclubbirds.nl/,,,false,,,,false,
Simonis II,Strand Noord,39,2586ZZ,'s-Gravenhage,,52.1144654,4.2816480,,,,false,,,,false,
Beachclub Culpepper,Zwarte Pad,60,2586ZZ,'s-Gravenhage,,52.1196084,4.2907620,https://www.culpepper.nl/,,,false,,,,false,
Manbo beachclub,,,,,,52.0697512,4.2190039,,,,false,,,,false,
Suiderstrand,,,,,,52.0640183,4.2107858,https://www.suiderstrand.nl/,,,false,,,,false,
Strandrestaurant Atlantis,Strandweg,52,2586ZZ,'s-Gravenhage,,52.1172334,4.2850873,https://beachclubatlantis.nl/,,,false,,,,false,
Escubelle,Strandweg,17,2586ZZ,'s-Gravenhage,,52.1102447,4.2750363,,,,false,,,,false,
WOW Beachclub,Zwarte Pad,58,2586ZZ,'s-Gravenhage,,52.1190548,4.2895281,https://beachclubwow.nl/,,,false,,,,false,
Blue Lagoon,Strandweg,25-26-27,2586ZZ,'s-Gravenhage,,52.1121001,4.2781149,https://bluelagoon.nl/,,,false,,,,false,
FL’Orange,,,,,,52.0920988,4.3580374,,,,false,,,,false,
The Beach House by WOW,Strand Noord,55,2586ZZ,'s-Gravenhage,,52.1176286,4.2859741,https://thebeachhousebywow.nl/,,,false,,,,false,
Waterreus,,,,,,52.1039840,4.2659131,https://www.waterreus.nl/,,,false,,,,false,
Spice Beachclub,Strandweg,6,2586ZZ,'s-Gravenhage,,52.1055397,4.2681068,https://spicebeachclub.nl/,,,false,,,,false,
Catch by Simonis,Dr. Lelykade,43,2583CL,'s-Gravenhage,,52.0945543,4.2649099,,,,false,,,,false,